{"type":"FeatureCollection","features":[{"type":"Feature","properties":{"codigo":"0415","nombre":"Miranda","comuna":"Comuna 04 Aranjuez"},"geometry":{"type":"Polygon","coordinates":[[[-75.56046961746115,6.278282076020254],[-75.56089384282835,6.276129364803145],[-75.56190090458902,6.270497239969198],[-75.56239915630286,6.272494277142695],[-75.56485987817881,6.272923252462013],[-75.56414332101109,6.276953912764283],[-75.56387023370107,6.277682802813513],[-75.56344922654311,6.277907759423783],[-75.56246005844531,6.277621398025767],[-75.56046961746115,6.278282076020254]]]}},{"type":"Feature","properties":{"codigo":"Inst_14","nombre":"U.D. Atanasio Girardot","comuna":"Comuna 11 Laureles Estadio"},"geometry":{"type":"Polygon","coordinates":[[[-75.58609471807584,6.258498246420779],[-75.58808269135858,6.254566769808504],[-75.58780314022795,6.253132760048626],[-75.5898731165114,6.253188051308933],[-75.59273589881519,6.254281803209887],[-75.59504150002961,6.257552023489459],[-75.5958506599147,6.257976875993979],[-75.59581001656976,6.258194976209934],[-75.59365868416862,6.25759390420132],[-75.59276480873284,6.25671477618206],[-75.59238080982729,6.255850313652337],[-75.59010887091127,6.260392040181398],[-75.58609471807584,6.258498246420779]]]}},{"type":"Feature","properties":{"codigo":"1421","nombre":"Patio Bonito","comuna":"Comuna 14 El Poblado"},"geometry":{"type":"Polygon","coordinates":[[[-75.5756023808952,6.213074283827646],[-75.57588238639612,6.210565588820528],[-75.57505522184289,6.208123581349342],[-75.57447086405138,6.207785706557843],[-75.57334506994526,6.208157501526615],[-75.5724998700837,6.207617349448594],[-75.57135318254039,6.207669339390435],[-75.5714135765713,6.204700720971984],[-75.57233157472719,6.201602141888511],[-75.57307963862287,6.200198623858723],[-75.5752674208638,6.201447295743835],[-75.57684433735193,6.203151373987168],[-75.57946799502506,6.204040667757772],[-75.57809114190866,6.213662994928254],[-75.5756023808952,6.213074283827646]]]}},{"type":"Feature","properties":{"codigo":"0308","nombre":"Manrique Oriental","comuna":"Comuna 03 Manrique"},"geometry":{"type":"Polygon","coordinates":[[[-75.54767851104995,6.267143021696602],[-75.54623308423967,6.267276143857462],[-75.546750629527,6.264528851081176],[-75.54660861285639,6.262209156575587],[-75.54710796357794,6.261068642021542],[-75.54840387283382,6.261081442222917],[-75.548725049296,6.261794780856522],[-75.54915630532756,6.26158746424978],[-75.55032475255126,6.26235379925662],[-75.55123089049627,6.262549074338202],[-75.5537178825394,6.261020073489364],[-75.55364054740993,6.262297587548534],[-75.55309740088194,6.263439299750298],[-75.55125219981721,6.264729089186064],[-75.55114525416487,6.266012470988886],[-75.55042268433007,6.266928245977951],[-75.54955735495426,6.267601193229103],[-75.54767851104995,6.267143021696602]]]}},{"type":"Feature","properties":{"codigo":"0110","nombre":"La Esperanza No.2","comuna":"Comuna 01 Popular"},"geometry":{"type":"Polygon","coordinates":[[[-75.54137487116336,6.292686799546548],[-75.53963648203134,6.292488254948434],[-75.54055262747653,6.292137604406468],[-75.54136609915608,6.289990068755145],[-75.54111814775159,6.289386238634797],[-75.54162551793581,6.28932468866885],[-75.54293240795697,6.289758410824871],[-75.54291012254977,6.290608177314292],[-75.54238740752714,6.292254380936576],[-75.54137487116336,6.292686799546548]]]}},{"type":"Feature","properties":{"codigo":"0604","nombre":"Pedregal","comuna":"Comuna 06 Doce de Octubre"},"geometry":{"type":"Polygon","coordinates":[[[-75.57231149473554,6.305216470107731],[-75.57155033991722,6.305737657428245],[-75.57158772153736,6.304874155693185],[-75.56909514085528,6.304894930525056],[-75.56875098185286,6.30314532672337],[-75.57006487673115,6.300437998519731],[-75.57049800182519,6.300546371989449],[-75.5709452035242,6.299366846298821],[-75.57219468904988,6.299420013522962],[-75.57285351056318,6.298739978582537],[-75.57266487804861,6.297830580614917],[-75.57352368251603,6.295838334975628],[-75.57862065528978,6.297545112002818],[-75.57776173823746,6.297922579489735],[-75.57454654995556,6.303855819962064],[-75.57448815148939,6.303624384372053],[-75.57382490521363,6.304687444798411],[-75.57231149473554,6.305216470107731]]]}},{"type":"Feature","properties":{"codigo":"1001","nombre":"Prado","comuna":"Comuna 10 La Candelaria"},"geometry":{"type":"Polygon","coordinates":[[[-75.55767355785979,6.263097825369868],[-75.55830648082554,6.262225771505756],[-75.55711926043672,6.262172925462847],[-75.5562829757834,6.261399228654017],[-75.55709325853334,6.261468173115645],[-75.56122319467552,6.255107254768784],[-75.56152188769876,6.255329876688897],[-75.5623733792522,6.254549029281056],[-75.56602886630913,6.256810265990881],[-75.56326165894045,6.264082775960208],[-75.55767355785979,6.263097825369868]]]}},{"type":"Feature","properties":{"codigo":"1413","nombre":"El Diamante No.2","comuna":"Comuna 14 El Poblado"},"geometry":{"type":"Polygon","coordinates":[[[-75.5714456442177,6.185762353334725],[-75.57000204144813,6.185835813312292],[-75.57078395384725,6.182533827461477],[-75.57022559328999,6.181244451742911],[-75.57102783906778,6.181055730747735],[-75.57048317178516,6.179234575553759],[-75.5727226703165,6.179485457372716],[-75.57360384695278,6.18023028338747],[-75.57518761374865,6.180867608631401],[-75.57539339493658,6.181495547895016],[-75.57610538641946,6.182061191185228],[-75.5769441983371,6.182257624720207],[-75.57921721332494,6.183655399687918],[-75.57940094663978,6.183622941113436],[-75.57947248826127,6.183663531002335],[-75.57952497170379,6.183708911967972],[-75.57783038929237,6.187473160646584],[-75.5771518135822,6.189801058209533],[-75.57505553686981,6.188625845787629],[-75.57418325776744,6.187226864403883],[-75.5714456442177,6.185762353334725]]]}},{"type":"Feature","properties":{"codigo":"1618","nombre":"Nueva Villa del Aburrá","comuna":"Comuna 16 Belen"},"geometry":{"type":"Polygon","coordinates":[[[-75.60098461184808,6.233732717846087],[-75.6014685086317,6.234011807567129],[-75.60315558889481,6.233908864995796],[-75.6052802836997,6.234318924680073],[-75.60632646662839,6.23349279120302],[-75.60593651419806,6.236282886836902],[-75.6073611445611,6.237455764516595],[-75.60308299740969,6.237618789879387],[-75.6023375838445,6.235936210108768],[-75.60104403484151,6.235954372350031],[-75.60098461184808,6.233732717846087]]]}},{"type":"Feature","properties":{"codigo":"0207","nombre":"Villa del Socorro","comuna":"Comuna 02 Santa Cruz"},"geometry":{"type":"Polygon","coordinates":[[[-75.55487648777907,6.297015852328072],[-75.55266220551374,6.295385130924054],[-75.55217484326485,6.29542225117852],[-75.5513198320985,6.296626066636965],[-75.55084473753564,6.29659303921258],[-75.55055702990032,6.295795662646892],[-75.54894344181585,6.294953430821341],[-75.5499997888667,6.294353914801328],[-75.55038918256632,6.293461729715534],[-75.55020800456086,6.292415359758047],[-75.55103365975644,6.292450009086196],[-75.55088909585224,6.292874902484631],[-75.55156563617662,6.293203346639006],[-75.5537262549806,6.293401668185327],[-75.55479226292245,6.292982975397139],[-75.55584246217525,6.293561464040291],[-75.5564121548052,6.29425720592685],[-75.555823228074,6.29607158974591],[-75.55543091921291,6.296092308952291],[-75.55487648777907,6.297015852328072]]]}},{"type":"Feature","properties":{"codigo":"0811","nombre":"Trece de Noviembre","comuna":"Comuna 08 Vista Hermosa"},"geometry":{"type":"Polygon","coordinates":[[[-75.53832469070572,6.249067134840244],[-75.5383682153528,6.248226545284176],[-75.5404395393287,6.246434837286152],[-75.53975343924274,6.244836985313467],[-75.540200543735,6.244878296148707],[-75.54050338181177,6.244428828487147],[-75.53994501225837,6.243476175369382],[-75.54000543593338,6.242942960793122],[-75.54082102241617,6.242684063991176],[-75.54155953008228,6.243235561074052],[-75.54140642022092,6.245103508072592],[-75.54264345002902,6.246735347453585],[-75.54323565695175,6.248720854659791],[-75.54148527209799,6.248973896810304],[-75.54076707230085,6.248613378028359],[-75.5397388548788,6.248894702996245],[-75.53894273144014,6.24864718035232],[-75.53846504662361,6.248687835109891],[-75.53832469070572,6.249067134840244]]]}},{"type":"Feature","properties":{"codigo":"0602","nombre":"Doce de Octubre No.1","comuna":"Comuna 06 Doce de Octubre"},"geometry":{"type":"Polygon","coordinates":[[[-75.57658384753132,6.311201197524555],[-75.57561924588724,6.311034509552496],[-75.57669269348553,6.307880249011193],[-75.576686504645,6.306218950118113],[-75.57702765892799,6.305397471055534],[-75.5786222042916,6.303675844197262],[-75.57870420608616,6.302283175491081],[-75.57989253088624,6.302630109180446],[-75.58202045186641,6.303983253945172],[-75.58181931557559,6.305579368001953],[-75.58235252543635,6.307202304342428],[-75.58203125397682,6.307956798178767],[-75.58268077223093,6.309390931990285],[-75.58164011999006,6.308962995754739],[-75.57867650417592,6.310464540747451],[-75.57703685776404,6.310750929908433],[-75.57658384753132,6.311201197524555]]]}},{"type":"Feature","properties":{"codigo":"1611","nombre":"La Loma de Los Bernal","comuna":"Comuna 16 Belen"},"geometry":{"type":"Polygon","coordinates":[[[-75.59905669366633,6.218809523806708],[-75.5992428993519,6.216865843067179],[-75.59994746432594,6.215897357135953],[-75.60214707229235,6.214668866547118],[-75.60275856385847,6.215121973066235],[-75.60325443806757,6.216440779065145],[-75.60471676094296,6.216591308051646],[-75.60526326448506,6.217428033306873],[-75.60608156189147,6.217343132436262],[-75.60763404686135,6.218428797850609],[-75.60836766358184,6.217852973833867],[-75.60933321405356,6.218639272101384],[-75.61055730962977,6.218525380573479],[-75.61219429180645,6.218874581760122],[-75.60730678926092,6.220118695412046],[-75.60610868272768,6.219935715869035],[-75.60550972623817,6.221212703780211],[-75.60377407901548,6.220537059853596],[-75.60147274196363,6.220502177861126],[-75.5994074833061,6.221697886803498],[-75.59905669366633,6.218809523806708]]]}},{"type":"Feature","properties":{"codigo":"0901","nombre":"Juan Pablo II","comuna":"Comuna 09 Buenos Aires"},"geometry":{"type":"Polygon","coordinates":[[[-75.52843281258929,6.230765874578061],[-75.52736063190068,6.230416609840885],[-75.52685026497055,6.22983007918692],[-75.52573685543904,6.229646923442174],[-75.5269098179457,6.229518482430734],[-75.52745212694737,6.229776336782433],[-75.52942496226656,6.229174852396434],[-75.5298659464902,6.22890367457016],[-75.52981853979863,6.2286155114254],[-75.53068916162965,6.228812200895695],[-75.53123576222312,6.228059632916975],[-75.53192742677814,6.227876614896244],[-75.53215613149582,6.227346641580313],[-75.53199235730622,6.227882269249839],[-75.53143727116927,6.228895876939516],[-75.53168619143985,6.229973952263217],[-75.52952651414301,6.230246137513358],[-75.52843281258929,6.230765874578061]]]}},{"type":"Feature","properties":{"codigo":"0715","nombre":"Villa Flora","comuna":"Comuna 07 Robledo"},"geometry":{"type":"Polygon","coordinates":[[[-75.59009483131713,6.280730865932867],[-75.58822247096496,6.280643340690689],[-75.58733033402127,6.279822731303624],[-75.58768636366149,6.278811072247701],[-75.58854651085267,6.27839732059052],[-75.58948053329631,6.277338706578296],[-75.5897598478094,6.277563555136576],[-75.59018924960698,6.277156171984944],[-75.59093825586035,6.277056787750957],[-75.5915291828847,6.277381534118241],[-75.59171175053912,6.278083840761832],[-75.59323606171604,6.278387850134839],[-75.59395855445871,6.280176511206609],[-75.59208112644671,6.282656235747388],[-75.59009483131713,6.280730865932867]]]}},{"type":"Feature","properties":{"codigo":"1502","nombre":"Tenche","comuna":"Comuna 15 Guayabal"},"geometry":{"type":"Polygon","coordinates":[[[-75.57650433386374,6.231603543924142],[-75.57758219362358,6.231856655353229],[-75.57807281743155,6.230246338668201],[-75.57966275752511,6.229301592993556],[-75.5799902224364,6.228764816674877],[-75.5827833936299,6.229512833984188],[-75.58270445113145,6.233299600732513],[-75.57686626705414,6.23244654831781],[-75.57650433386374,6.231603543924142]]]}},{"type":"Feature","properties":{"codigo":"1601","nombre":"Fátima","comuna":"Comuna 16 Belen"},"geometry":{"type":"Polygon","coordinates":[[[-75.58263962678501,6.237212930492292],[-75.5827659536567,6.231787605773389],[-75.58727329700707,6.231667678056233],[-75.58749151756767,6.239290919073635],[-75.5830642871784,6.239451527334105],[-75.58263962678501,6.237212930492292]]]}},{"type":"Feature","properties":{"codigo":"Inst_2","nombre":"Oleoducto","comuna":"Comuna 05 Castilla"},"geometry":{"type":"Polygon","coordinates":[[[-75.56793117881506,6.287443256463437],[-75.5658721033184,6.286527834097909],[-75.56654961448636,6.285201721706354],[-75.56816876680084,6.283791557710175],[-75.56861615685685,6.280515339156147],[-75.5718248117622,6.280829694144722],[-75.56955139677213,6.288356678649833],[-75.56839914157028,6.287943018581865],[-75.56793117881506,6.287443256463437]]]}},{"type":"Feature","properties":{"codigo":"0505","nombre":"Boyacá","comuna":"Comuna 05 Castilla"},"geometry":{"type":"Polygon","coordinates":[[[-75.56283166770544,6.303876043898581],[-75.56255554830081,6.304047210278884],[-75.56261618624163,6.303575693621395],[-75.56227459325441,6.303268927525121],[-75.56146657051185,6.303389743172987],[-75.56314655204257,6.302592623395511],[-75.56385551442352,6.301373165728909],[-75.5652406912485,6.301862047605799],[-75.56729435794172,6.301025817659622],[-75.56640217317612,6.305920459726001],[-75.56389626401128,6.308675122122433],[-75.56385944518925,6.306663521536308],[-75.56248926161945,6.304859253876569],[-75.56283166770544,6.303876043898581]]]}},{"type":"Feature","properties":{"codigo":"0109","nombre":"Aldea Pablo VI","comuna":"Comuna 01 Popular"},"geometry":{"type":"Polygon","coordinates":[[[-75.54293325277165,6.28975751947062],[-75.54111814775159,6.289386238634797],[-75.54101400978047,6.288396897036258],[-75.54058211673974,6.288216447550636],[-75.54147603026036,6.286904367077384],[-75.54110909065675,6.286530197324418],[-75.54039597396206,6.286836581020622],[-75.53995511445416,6.285912553261504],[-75.54069958599263,6.286330872455467],[-75.54124014570979,6.286055930531885],[-75.54255355919958,6.286328608014548],[-75.54293325277165,6.28975751947062]]]}},{"type":"Feature","properties":{"codigo":"0801","nombre":"Villa Hermosa","comuna":"Comuna 08 Vista Hermosa"},"geometry":{"type":"Polygon","coordinates":[[[-75.54402968224724,6.257809796659998],[-75.54563102488785,6.257664092799223],[-75.54820362924265,6.255636907506616],[-75.55025217220783,6.255216607211154],[-75.55015055098511,6.254791709223769],[-75.55049386389314,6.254486609895316],[-75.55448468242658,6.257364940268435],[-75.55207636581974,6.260691704963602],[-75.55136378565525,6.26047471480685],[-75.55130451324685,6.259998967351311],[-75.55077996517488,6.259663328616445],[-75.55002727782751,6.260001183839309],[-75.54904874348838,6.259964987914863],[-75.54774726495069,6.259022486618918],[-75.54576421636449,6.259194170901687],[-75.544544040191,6.258572596044665],[-75.5443701412216,6.258316069426754],[-75.54504092521304,6.258684491833046],[-75.54523517838074,6.25833983827033],[-75.5449912612233,6.258120600285485],[-75.54402968224724,6.257809796659998]]]}},{"type":"Feature","properties":{"codigo":"1406","nombre":"Las Lomas No.1","comuna":"Comuna 14 El Poblado"},"geometry":{"type":"Polygon","coordinates":[[[-75.56076696681163,6.215121915400147],[-75.55930469773071,6.212348772196181],[-75.55885024104107,6.209878495414459],[-75.55924265778917,6.208525843238302],[-75.55910886089137,6.207806004337489],[-75.56313949398313,6.207280589603195],[-75.56389322127558,6.207577796848583],[-75.56432287144226,6.208238874459042],[-75.56556045729852,6.208716889461234],[-75.56535889426507,6.209328241210792],[-75.56561521732912,6.209871792364615],[-75.56491680183925,6.21168098327406],[-75.56396770762811,6.212580489646338],[-75.56425226455949,6.212636993132755],[-75.5642562093163,6.213624649578923],[-75.56339857450443,6.214564836267125],[-75.56371756140506,6.21608022389775],[-75.5630231051045,6.215613510233285],[-75.56076696681163,6.215121915400147]]]}},{"type":"Feature","properties":{"codigo":"0210","nombre":"Santa Cruz","comuna":"Comuna 02 Santa Cruz"},"geometry":{"type":"Polygon","coordinates":[[[-75.55879733745766,6.294667596638755],[-75.55660805544485,6.294424595046102],[-75.55542656937442,6.293213153846685],[-75.55619546204456,6.290918654149088],[-75.56192131796621,6.292468333972071],[-75.56184870171063,6.292669462170985],[-75.5628796237618,6.293208241701836],[-75.56233280833011,6.294061440256934],[-75.55986647207055,6.295642184343926],[-75.55879733745766,6.294667596638755]]]}},{"type":"Feature","properties":{"codigo":"1312","nombre":"Betania","comuna":"Comuna 13 San Javier"},"geometry":{"type":"Polygon","coordinates":[[[-75.61887931647274,6.247531343252643],[-75.61958720006696,6.245793274020173],[-75.61998131426753,6.245797755859607],[-75.62040585603687,6.24516828259918],[-75.61970229628258,6.244883581353434],[-75.6198868714444,6.244281253046381],[-75.61823074898521,6.243658760663125],[-75.61597906941776,6.244414966741377],[-75.61531602555462,6.242554981471555],[-75.61546619086491,6.242263418003334],[-75.61641366342407,6.242525500886178],[-75.61672129877122,6.241576239564287],[-75.61710579709643,6.241422518887887],[-75.61724472159744,6.241703886336377],[-75.61763879215329,6.241275564340887],[-75.61934211296628,6.241574470752287],[-75.61933422785215,6.242431484369098],[-75.61982830250908,6.242376011311071],[-75.62065077562417,6.240728796978716],[-75.62120261833894,6.240568825785362],[-75.62181070895838,6.241015436823822],[-75.62179624089099,6.241946744904229],[-75.62281455705815,6.241741171867894],[-75.62278653534801,6.242281803573425],[-75.62347065466444,6.24267565490073],[-75.62280473124608,6.242989612996888],[-75.62260044788881,6.24338434351524],[-75.62293779351585,6.243544076948911],[-75.62234815917569,6.244245745839814],[-75.62339560100617,6.245118311166564],[-75.62302737881987,6.245230042521355],[-75.62322197572169,6.24588564257182],[-75.62215637170262,6.246690268768805],[-75.62145785272865,6.246025876640405],[-75.6208977858509,6.246525410145454],[-75.62158895503111,6.247085840145006],[-75.62037396475381,6.24812559715653],[-75.61980757010815,6.247467971084438],[-75.61939041176163,6.248564149436252],[-75.61887931647274,6.247531343252643]]]}},{"type":"Feature","properties":{"codigo":"0607","nombre":"Kennedy","comuna":"Comuna 06 Doce de Octubre"},"geometry":{"type":"Polygon","coordinates":[[[-75.58423389650625,6.292149522098684],[-75.57921376124722,6.290726110994917],[-75.5794047193603,6.289591362042677],[-75.57834066691446,6.288846010549483],[-75.57883204998471,6.287387742673521],[-75.58037600233534,6.284793340574842],[-75.58221063657501,6.285133811158111],[-75.58390630830793,6.286054772265919],[-75.5843066584951,6.286760063001806],[-75.58414306613689,6.287444056162424],[-75.58460345777365,6.287347711947664],[-75.5867652497857,6.289308038901065],[-75.58624772312206,6.291447910935707],[-75.58525641457902,6.291834570452616],[-75.58441565359594,6.292631901789733],[-75.58417587059388,6.292619456556071],[-75.58423389650625,6.292149522098684]]]}},{"type":"Feature","properties":{"codigo":"1504","nombre":"Santa Fé","comuna":"Comuna 15 Guayabal"},"geometry":{"type":"Polygon","coordinates":[[[-75.5775709021191,6.231863435083971],[-75.57563029951449,6.231217083551064],[-75.57763105126149,6.216884749303099],[-75.58562474953789,6.218631589596228],[-75.58625937341867,6.218900517936704],[-75.5864497030341,6.220592182574698],[-75.58804978642121,6.220283623584787],[-75.58860254222745,6.220449718928469],[-75.58818598705732,6.223747192711214],[-75.58547866059949,6.223061352857846],[-75.585055227539,6.223786852886994],[-75.58396103436256,6.224475080688561],[-75.58156201478995,6.224911342765168],[-75.5807710374272,6.226742026715566],[-75.57829632364323,6.225859518834822],[-75.57709319188801,6.229315203146585],[-75.5775709021191,6.231863435083971]]]}},{"type":"Feature","properties":{"codigo":"Inst_4","nombre":"Terminal de Transporte","comuna":"Comuna 05 Castilla"},"geometry":{"type":"Polygon","coordinates":[[[-75.56861615685685,6.280515339156147],[-75.56969110538391,6.275840797967122],[-75.57142422557484,6.276296981167297],[-75.57253494158742,6.275842035254558],[-75.57284675696896,6.276353760035426],[-75.57292411645334,6.276100799296879],[-75.57340465172032,6.276298470599738],[-75.57233218812118,6.281020200560506],[-75.56861615685685,6.280515339156147]]]}},{"type":"Feature","properties":{"codigo":"Inst_5","nombre":"Facultad de Minas","comuna":"Comuna 07 Robledo"},"geometry":{"type":"Polygon","coordinates":[[[-75.58588022784431,6.275990755864453],[-75.58606826035262,6.274804145172554],[-75.58541986138412,6.272707019839492],[-75.58628269904112,6.272580805678195],[-75.58785672731977,6.273170050201012],[-75.5890241137542,6.272952462337711],[-75.58937653387234,6.274719827877479],[-75.59044882673808,6.274598869425788],[-75.59058376774202,6.274268892942442],[-75.59007354457803,6.273685293059872],[-75.59045907513465,6.273250614954232],[-75.5903826795769,6.272519599085768],[-75.5907787532114,6.272409156660364],[-75.59371366719239,6.273613327736717],[-75.59237343529755,6.274954204340482],[-75.58905338658627,6.276330043460838],[-75.5866080400984,6.276344237438289],[-75.58588022784431,6.275990755864453]]]}},{"type":"Feature","properties":{"codigo":"0211","nombre":"La Rosa","comuna":"Comuna 02 Santa Cruz"},"geometry":{"type":"Polygon","coordinates":[[[-75.56192131796621,6.292468333972071],[-75.55619546204456,6.290918654149088],[-75.55630495133788,6.290338116228108],[-75.55581922941407,6.288913970896203],[-75.55766765590786,6.289325261277701],[-75.55826513137939,6.288917320028518],[-75.55972027436512,6.28922795233878],[-75.55964625990386,6.289798809927742],[-75.56016133710982,6.289931276627494],[-75.56040916793984,6.29086024256245],[-75.56129918324764,6.291211906305143],[-75.56188843284536,6.291062341869877],[-75.56333422261126,6.291709571251912],[-75.5628796237618,6.293208241701836],[-75.56184870171063,6.292669462170985],[-75.56192131796621,6.292468333972071]]]}},{"type":"Feature","properties":{"codigo":"1409","nombre":"El Tesoro","comuna":"Comuna 14 El Poblado"},"geometry":{"type":"Polygon","coordinates":[[[-75.55150982099359,6.200641681630723],[-75.55128812753782,6.199404798857796],[-75.55206716224247,6.198624703073738],[-75.55162040452822,6.198197081164019],[-75.55219967679975,6.197847916137929],[-75.5547222234975,6.19809094647192],[-75.55537656409302,6.198521508603334],[-75.55647298713514,6.198370108777075],[-75.55697378692687,6.197668364269937],[-75.55778731852544,6.199256087531731],[-75.5590062431578,6.199902494255037],[-75.55966227620155,6.200773767089914],[-75.55942460501157,6.199633551228207],[-75.55965948379315,6.198861736663654],[-75.56047699188689,6.199468581930741],[-75.56448214251283,6.20043933143424],[-75.56233163244113,6.201012242391158],[-75.56172468888822,6.202159227473997],[-75.56106690269662,6.205312033936496],[-75.55946287940901,6.206671448843129],[-75.55910886089137,6.207806004337489],[-75.55783345458192,6.207399165811247],[-75.55634292540088,6.207647744747248],[-75.55493146534931,6.206794529922106],[-75.5549020768703,6.207960731218601],[-75.55343808935221,6.207910969836219],[-75.55320323194417,6.207447646699344],[-75.55179514904508,6.207098422019057],[-75.5502668006709,6.207041869907203],[-75.5502386211402,6.205570555139079],[-75.54840136201206,6.204273862071499],[-75.5503235511441,6.203905501111452],[-75.55034164185453,6.203211105802858],[-75.5496149848036,6.202191891701651],[-75.55084996836385,6.201862910624266],[-75.55150982099359,6.200641681630723]]]}},{"type":"Feature","properties":{"codigo":"0724","nombre":"Monteclaro","comuna":"Comuna 07 Robledo"},"geometry":{"type":"Polygon","coordinates":[[[-75.5996238881892,6.292119834940553],[-75.59925007878915,6.290322745013674],[-75.59779013886639,6.289204924238816],[-75.5965996217909,6.287512193610595],[-75.59667409799388,6.286391192332472],[-75.59606057270229,6.285259381186123],[-75.59637719860368,6.284444605692925],[-75.59741450012045,6.284323635041751],[-75.59831347644975,6.284577842347066],[-75.5982807420431,6.284863743710637],[-75.59861612852238,6.284337126872679],[-75.59919946278731,6.284771027624577],[-75.5992299247117,6.284255728177209],[-75.59964551267684,6.284050036482561],[-75.60084660792198,6.284570910265397],[-75.6023278510321,6.28803555504988],[-75.60313502471116,6.288707882864522],[-75.60408419657055,6.290484047364727],[-75.60496006305742,6.290665294636476],[-75.60410131965801,6.291072562983912],[-75.60338052204621,6.290515693372389],[-75.60252229881249,6.290820291086079],[-75.60218818007337,6.291351007347691],[-75.6017947905457,6.291114111890232],[-75.60124759840585,6.291502861195851],[-75.59998768055763,6.291390513833572],[-75.5996238881892,6.292119834940553]]]}},{"type":"Feature","properties":{"codigo":"0802","nombre":"La Mansión","comuna":"Comuna 08 Vista Hermosa"},"geometry":{"type":"Polygon","coordinates":[[[-75.55709325853334,6.261468173115645],[-75.55466766842399,6.26064238272238],[-75.55278775111144,6.261466562799336],[-75.55207636581974,6.260691704963602],[-75.55500586824091,6.256674499372115],[-75.5558217664977,6.257221458342054],[-75.55815939789447,6.257283660309584],[-75.55930448778838,6.258003515260294],[-75.55709325853334,6.261468173115645]]]}},{"type":"Feature","properties":{"codigo":"1417","nombre":"La Florida","comuna":"Comuna 14 El Poblado"},"geometry":{"type":"Polygon","coordinates":[[[-75.56389322127558,6.207577796848583],[-75.56307061342554,6.207273809001811],[-75.55910886089137,6.207806004337489],[-75.55946287940901,6.206671448843129],[-75.56106690269662,6.205312033936496],[-75.56172468888822,6.202159227473997],[-75.56257214840811,6.200799797289265],[-75.56374253307754,6.200791898811716],[-75.56448214251283,6.20043933143424],[-75.5717257859817,6.203462193791053],[-75.57138817036247,6.204837456037635],[-75.57157167119615,6.206311028848389],[-75.57135318254039,6.207669339390435],[-75.57099071473722,6.207741664017587],[-75.57077447831998,6.208242273793431],[-75.57021101335246,6.208166562923529],[-75.5699693663502,6.207746188724854],[-75.56923709024765,6.207881795403989],[-75.5677177717099,6.207044435494637],[-75.56721528428831,6.207317904713515],[-75.56613465508951,6.207259139735311],[-75.56526574515776,6.207778954031229],[-75.56421842906548,6.207356311615857],[-75.56389322127558,6.207577796848583]]]}},{"type":"Feature","properties":{"codigo":"1607","nombre":"Diego Echavarría","comuna":"Comuna 16 Belen"},"geometry":{"type":"Polygon","coordinates":[[[-75.5929199615899,6.217804109843523],[-75.59435538766111,6.210508497970337],[-75.59404310949608,6.209331011237934],[-75.59904088332166,6.218777884027197],[-75.59773549629361,6.218397134426831],[-75.59746849017638,6.219327173012628],[-75.59510725661573,6.218224378338847],[-75.5929199615899,6.217804109843523]]]}},{"type":"Feature","properties":{"codigo":"1304","nombre":"Los Alcázares","comuna":"Comuna 13 San Javier"},"geometry":{"type":"Polygon","coordinates":[[[-75.6009728962425,6.263284374270945],[-75.6004633312388,6.259220786235796],[-75.60218671458021,6.260443379776558],[-75.60671111788855,6.258682467428488],[-75.6101983364802,6.258158993356764],[-75.60893359853534,6.259072164258996],[-75.60698346559161,6.261227294342397],[-75.60642058527205,6.262276012206709],[-75.60516934204043,6.262599292117135],[-75.60222468550778,6.262600620915229],[-75.60150425501348,6.263621092328105],[-75.6009728962425,6.263284374270945]]]}},{"type":"Feature","properties":{"codigo":"0410","nombre":"Campo Valdés No.1","comuna":"Comuna 04 Aranjuez"},"geometry":{"type":"Polygon","coordinates":[[[-75.5533723982376,6.27705206926275],[-75.55475500727327,6.269260038923434],[-75.55861925628125,6.269932921067845],[-75.55731954898437,6.277269936913724],[-75.55630984171542,6.276782893215195],[-75.55615353443349,6.277556841544456],[-75.5533723982376,6.27705206926275]]]}},{"type":"Feature","properties":{"codigo":"1006","nombre":"San Benito","comuna":"Comuna 10 La Candelaria"},"geometry":{"type":"Polygon","coordinates":[[[-75.5737959189236,6.260476565414505],[-75.57237661037476,6.257231759474857],[-75.57174420564954,6.257004626159039],[-75.57114906336231,6.255872330254402],[-75.57107790873945,6.254024717177148],[-75.56940769492287,6.253035939263579],[-75.57080403574243,6.249650336124922],[-75.57419244001902,6.250988276019791],[-75.57511900962356,6.250778076740096],[-75.57497053853157,6.253038157368453],[-75.57723533373107,6.254190763501913],[-75.5737959189236,6.260476565414505]]]}},{"type":"Feature","properties":{"codigo":"1101","nombre":"Carlos E. Restrepo","comuna":"Comuna 11 Laureles Estadio"},"geometry":{"type":"Polygon","coordinates":[[[-75.58458098605075,6.261288361157406],[-75.58183053271642,6.259618242176119],[-75.57886381342001,6.258896204420218],[-75.57676773628006,6.259023809887846],[-75.5742100423337,6.259691836892976],[-75.57723533373107,6.254190763501913],[-75.58609471807584,6.258498246420779],[-75.58458098605075,6.261288361157406]]]}},{"type":"Feature","properties":{"codigo":"0717","nombre":"Robledo","comuna":"Comuna 07 Robledo"},"geometry":{"type":"Polygon","coordinates":[[[-75.59856097254269,6.27771058819803],[-75.59790595856629,6.277716275681517],[-75.59662537348191,6.279207996665919],[-75.59547444173118,6.276595409896679],[-75.59395825778618,6.275477879230996],[-75.59297492362192,6.274236704571035],[-75.59369390735094,6.273681131436348],[-75.59303673040021,6.273357893542142],[-75.59412231932274,6.271738488066312],[-75.5953494512294,6.272736335920537],[-75.59665156591745,6.272799549129093],[-75.59747318736453,6.273492217372616],[-75.59859405756389,6.273737371890455],[-75.59927057323794,6.27456339077865],[-75.60081606836245,6.274718112316358],[-75.60308721386384,6.275706749158498],[-75.6027314906201,6.275940690744249],[-75.60140335903753,6.275346376084321],[-75.60082119244201,6.275397264453308],[-75.60090030708896,6.276378132570097],[-75.6028450302461,6.27657802461804],[-75.6029884986132,6.27722326668197],[-75.60108223160145,6.27800537607498],[-75.6011460799642,6.278658533621316],[-75.60047132960646,6.279124151284935],[-75.60029971964266,6.279954739492023],[-75.59936968626724,6.279558152930282],[-75.59856097254269,6.27771058819803]]]}},{"type":"Feature","properties":{"codigo":"1307","nombre":"Juan XXIII La Quiebra","comuna":"Comuna 13 San Javier"},"geometry":{"type":"Polygon","coordinates":[[[-75.61568088463711,6.269923466367953],[-75.6155006912349,6.269044665322383],[-75.61428930138803,6.268992854209264],[-75.61440253898407,6.268671352719917],[-75.61392701545606,6.268361303005158],[-75.61340899711709,6.267133439447185],[-75.61367888767957,6.266540309006383],[-75.61279126848848,6.266656878167598],[-75.6127000008441,6.265787787286017],[-75.6121997843759,6.26551347426678],[-75.6124961110178,6.264504098878882],[-75.61229351926325,6.264028107533188],[-75.61174343320813,6.263961156203505],[-75.6113838511618,6.264284761991019],[-75.61121122435779,6.264000081092401],[-75.61247643056326,6.261856292380148],[-75.61383675790566,6.262832529093269],[-75.61430552227793,6.262702594399212],[-75.61470408222004,6.264944680090038],[-75.61556873858358,6.266075582604164],[-75.6170825528479,6.269536606419885],[-75.61708732513175,6.269965219039029],[-75.61620439385348,6.269585426650098],[-75.61568088463711,6.269923466367953]]]}},{"type":"Feature","properties":{"codigo":"1310","nombre":"Veinte de Julio","comuna":"Comuna 13 San Javier"},"geometry":{"type":"Polygon","coordinates":[[[-75.61548588621127,6.254113004896895],[-75.61758798994843,6.253485640815279],[-75.61850373614729,6.252419927731579],[-75.61895247656027,6.250877380791388],[-75.61872592784889,6.249534917123445],[-75.61965349821871,6.248218331188838],[-75.61955407285839,6.24770643368292],[-75.61980757010815,6.247467971084438],[-75.6205433796658,6.248377579777955],[-75.62128155499283,6.250323432475504],[-75.62182980552112,6.250196812191896],[-75.62277007918405,6.251662376394086],[-75.62464233399842,6.25082708038692],[-75.62585197545195,6.252526526880316],[-75.6249751287798,6.252892755209177],[-75.62560192645768,6.253324362119002],[-75.62656742161502,6.25294908278613],[-75.62673910589058,6.253254174021693],[-75.62380587898232,6.25403986945297],[-75.62200352989228,6.253925922493976],[-75.62136781111398,6.254597229993968],[-75.61811433902515,6.254574948499455],[-75.61727022196754,6.25482702654824],[-75.61548588621127,6.254113004896895]]]}},{"type":"Feature","properties":{"codigo":"0708","nombre":"Altamira","comuna":"Comuna 07 Robledo"},"geometry":{"type":"Polygon","coordinates":[[[-75.58416598097884,6.284432478335157],[-75.57724917074093,6.278867458254184],[-75.57872015921386,6.277213552763002],[-75.57818083424932,6.276698172324386],[-75.57874349758204,6.275932621684357],[-75.5804217104994,6.276298817555392],[-75.58388980787919,6.279633269917002],[-75.58481963285091,6.281336814642044],[-75.58581806956862,6.281837045257888],[-75.58410728155852,6.282900628661088],[-75.58416598097884,6.284432478335157]]]}},{"type":"Feature","properties":{"codigo":"Inst_12","nombre":"Hospital San Vicente de Paúl","comuna":"Comuna 10 La Candelaria"},"geometry":{"type":"Polygon","coordinates":[[[-75.56426219873313,6.263942415715672],[-75.56326165894045,6.264082775960208],[-75.56426318649662,6.261421944271262],[-75.56681201561135,6.261866063446717],[-75.56641810630379,6.264280899119808],[-75.56426219873313,6.263942415715672]]]}},{"type":"Feature","properties":{"codigo":"1407","nombre":"Las Lomas No.2","comuna":"Comuna 14 El Poblado"},"geometry":{"type":"Polygon","coordinates":[[[-75.55819917408355,6.21457041293463],[-75.55671149281001,6.212731806680672],[-75.55428320254639,6.211023126140729],[-75.55491615404178,6.209447865322881],[-75.55493146534931,6.206794529922106],[-75.55634292540088,6.207647744747248],[-75.55783345458192,6.207399165811247],[-75.55910886089137,6.207806004337489],[-75.55924265778917,6.208525843238302],[-75.55885024104107,6.209878495414459],[-75.55930469773071,6.212348772196181],[-75.56076696681163,6.215121915400147],[-75.55819917408355,6.21457041293463]]]}},{"type":"Feature","properties":{"codigo":"0510","nombre":"Tricentenario","comuna":"Comuna 05 Castilla"},"geometry":{"type":"Polygon","coordinates":[[[-75.56696841499372,6.296478258148549],[-75.56513834080938,6.294544381642807],[-75.5643841746923,6.294367005771552],[-75.56285641961131,6.293253951098629],[-75.56338853062203,6.291422435429291],[-75.56543588080984,6.288873067020304],[-75.5658721033184,6.286527834097909],[-75.56955139677213,6.288356678649833],[-75.56696841499372,6.296478258148549]]]}},{"type":"Feature","properties":{"codigo":"0208","nombre":"Villa Niza","comuna":"Comuna 02 Santa Cruz"},"geometry":{"type":"Polygon","coordinates":[[[-75.55782474478855,6.297474804322415],[-75.55672910043762,6.297524118534082],[-75.55487648777907,6.297015852328072],[-75.55543091921291,6.296092308952291],[-75.555823228074,6.29607158974591],[-75.55640540029157,6.294248012570535],[-75.55883460636157,6.294678897650424],[-75.55986647207055,6.295642184343926],[-75.55946617086099,6.297437294278304],[-75.55880258087444,6.298520643450801],[-75.55782474478855,6.297474804322415]]]}},{"type":"Feature","properties":{"codigo":"1108","nombre":"Laureles","comuna":"Comuna 11 Laureles Estadio"},"geometry":{"type":"Polygon","coordinates":[[[-75.5924939172896,6.247450727702615],[-75.59228774137797,6.245608772657641],[-75.59318828564325,6.24464593751884],[-75.59375681112469,6.243432247639439],[-75.58991658443685,6.239220761984272],[-75.59834812942432,6.238896026364602],[-75.59843755195698,6.242595771051276],[-75.59961199688874,6.242845440854139],[-75.59897531725481,6.24666727238007],[-75.59743732955282,6.248048267467613],[-75.5924939172896,6.247450727702615]]]}},{"type":"Feature","properties":{"codigo":"1303","nombre":"Santa Rosa de Lima","comuna":"Comuna 13 San Javier"},"geometry":{"type":"Polygon","coordinates":[[[-75.60571739166016,6.267344284605087],[-75.60585401687668,6.267035775145074],[-75.60516394861286,6.266208635501525],[-75.60532541778146,6.265894473963669],[-75.60452976776887,6.265138533461884],[-75.60502152062337,6.264275150086209],[-75.60465161873869,6.2634920591754],[-75.60481417104977,6.262529254694321],[-75.6061563386457,6.262405985307861],[-75.60780308085145,6.265333793285594],[-75.6091729116769,6.265125074214181],[-75.6087828598742,6.265385176009514],[-75.60904583716496,6.265664800094562],[-75.60851331469115,6.265736549135933],[-75.60873341509266,6.266347756064509],[-75.60830627032209,6.266071246325595],[-75.60776498099578,6.266574370405307],[-75.60789644442137,6.267106841511609],[-75.60655245765778,6.26678888998519],[-75.60571739166016,6.267344284605087]]]}},{"type":"Feature","properties":{"codigo":"1206","nombre":"Santa Lucía","comuna":"Comuna 12 La America"},"geometry":{"type":"Polygon","coordinates":[[[-75.60052939483326,6.259214002305429],[-75.60162369809649,6.259474972367518],[-75.60233965462949,6.259208237784],[-75.60613726288106,6.25626535603868],[-75.61263459930933,6.255951827299732],[-75.61116050310456,6.258271919900774],[-75.6068539702774,6.258642905772939],[-75.60218671458021,6.260443379776558],[-75.60052939483326,6.259214002305429]]]}},{"type":"Feature","properties":{"codigo":"1205","nombre":"La Floresta","comuna":"Comuna 12 La America"},"geometry":{"type":"Polygon","coordinates":[[[-75.60162369809649,6.259474972367518],[-75.59776710550993,6.258624284373165],[-75.59892325313406,6.254350411438193],[-75.6028033808867,6.252908240704534],[-75.60465039535566,6.253979393279889],[-75.60442117939196,6.254391873185065],[-75.60492043251335,6.255959202300523],[-75.60623264530682,6.255679989614623],[-75.60639925361441,6.25620883515607],[-75.60465908617184,6.257178532543882],[-75.60242604297072,6.259160770036303],[-75.60162369809649,6.259474972367518]]]}},{"type":"Feature","properties":{"codigo":"1617","nombre":"Las Mercedes","comuna":"Comuna 16 Belen"},"geometry":{"type":"Polygon","coordinates":[[[-75.61221423228233,6.239160611392589],[-75.61157890586887,6.237674661916158],[-75.6073611445611,6.237455764516595],[-75.60633687244554,6.236845618180206],[-75.60584275960046,6.235907720510802],[-75.60632646662839,6.23349279120302],[-75.60741846039275,6.233739059180321],[-75.60816654341086,6.233222576182877],[-75.60968653125977,6.233624753364823],[-75.61019128157659,6.233369323881761],[-75.61082254676234,6.233626922976657],[-75.61141199807521,6.233472059390058],[-75.61201621710462,6.234390731020912],[-75.61463008000423,6.236102910562304],[-75.61461955168907,6.236659592641522],[-75.6143007878999,6.236768573961966],[-75.61300301254124,6.236294986467979],[-75.61256478061254,6.237146660267868],[-75.61346769070964,6.238949854144785],[-75.61406297961157,6.239279528678369],[-75.61392063934856,6.240402379308308],[-75.61221423228233,6.239160611392589]]]}},{"type":"Feature","properties":{"codigo":"1016","nombre":"Boston","comuna":"Comuna 10 La Candelaria"},"geometry":{"type":"Polygon","coordinates":[[[-75.55676544753224,6.249993749950748],[-75.55385023653898,6.249497589770476],[-75.55426753581713,6.248265859395291],[-75.55576557346338,6.245818231129494],[-75.55593044121335,6.246031812576376],[-75.55630425064173,6.245037386841481],[-75.55649170251543,6.245349281895204],[-75.55757468832859,6.244331139322851],[-75.55781747704243,6.244471268271787],[-75.55826919813792,6.243661038287714],[-75.56333956083274,6.246239860939562],[-75.56037288799338,6.252055006854365],[-75.55794553364744,6.250345215434059],[-75.5573650818021,6.250512450870287],[-75.55676544753224,6.249993749950748]]]}},{"type":"Feature","properties":{"codigo":"0725","nombre":"Nueva Villa de La Iguaná","comuna":"Comuna 07 Robledo"},"geometry":{"type":"Polygon","coordinates":[[[-75.58022637267781,6.259827338896574],[-75.579701625242,6.260343769366931],[-75.5797858118024,6.259736606913968],[-75.57848771166333,6.259450888104426],[-75.57847027030184,6.259198229888359],[-75.57894911955788,6.258910904667342],[-75.58183053271642,6.259618242176119],[-75.58458098605075,6.261288361157406],[-75.584062670411,6.262398075879859],[-75.58179441536076,6.260404750144382],[-75.58022637267781,6.259827338896574]]]}},{"type":"Feature","properties":{"codigo":"1414","nombre":"El Castillo","comuna":"Comuna 14 El Poblado"},"geometry":{"type":"Polygon","coordinates":[[[-75.56728871010377,6.191830686870224],[-75.5680616150129,6.189924307499449],[-75.56759810125132,6.188617978771116],[-75.56777311967537,6.187389623508192],[-75.5696920962219,6.187025748492004],[-75.5701059219325,6.185800781268422],[-75.57150097221347,6.185771394052942],[-75.57352891567504,6.186786155618503],[-75.57431762643678,6.187339867374516],[-75.57505553686981,6.188625845787629],[-75.5771518135822,6.189801058209533],[-75.57634225457566,6.1923945176564],[-75.57636204390724,6.194314457593745],[-75.57479988218519,6.196425397144175],[-75.57460282960086,6.195263716873402],[-75.56997835123808,6.192677086305708],[-75.56966952586093,6.191872497526091],[-75.56787304536229,6.192097377690922],[-75.56728871010377,6.191830686870224]]]}},{"type":"Feature","properties":{"codigo":"0314","nombre":"San José La Cima No.1","comuna":"Comuna 03 Manrique"},"geometry":{"type":"Polygon","coordinates":[[[-75.54252276991909,6.286324745516124],[-75.54124014570979,6.286055930531885],[-75.54069958599263,6.286330872455467],[-75.53994295029115,6.28590121322623],[-75.54073804826656,6.285266174140576],[-75.54145067152749,6.285213100152141],[-75.54176761467023,6.282062570658554],[-75.54232441815543,6.281317903703219],[-75.54217179009086,6.280308165546237],[-75.54416977402637,6.281114584869674],[-75.54369821553948,6.282339523910636],[-75.54406348851218,6.284247108572032],[-75.54364456018394,6.284692676394241],[-75.54378050283923,6.285659578665157],[-75.54252276991909,6.286324745516124]]]}},{"type":"Feature","properties":{"codigo":"0305","nombre":"El Raizal","comuna":"Comuna 03 Manrique"},"geometry":{"type":"Polygon","coordinates":[[[-75.54263147026184,6.272421128739029],[-75.54298838692893,6.271389420927887],[-75.54231650096051,6.270167816952266],[-75.5421754150189,6.268556374959355],[-75.54040694023249,6.267667667699081],[-75.54201830156256,6.267981777479243],[-75.54393515033019,6.267562944712876],[-75.54587827015563,6.267607487007696],[-75.54762653112185,6.267140155967182],[-75.54962127092976,6.267594128156519],[-75.54966687891991,6.268090293172144],[-75.54911166609416,6.268669677873376],[-75.54905397291516,6.269730583571627],[-75.54642611422531,6.271031126647264],[-75.54490414745587,6.270909993626165],[-75.54330116730716,6.272253915289706],[-75.54263147026184,6.272421128739029]]]}},{"type":"Feature","properties":{"codigo":"0106","nombre":"Villa Guadalupe","comuna":"Comuna 01 Popular"},"geometry":{"type":"Polygon","coordinates":[[[-75.55369601732542,6.290099738541766],[-75.55333674401209,6.289348072167051],[-75.55253800742895,6.28941604452771],[-75.55155162654842,6.288976715195888],[-75.55161545934347,6.288361081067581],[-75.5482193395168,6.287831698967044],[-75.54862415481088,6.285084545752726],[-75.54897308929222,6.285282929617083],[-75.55020372105726,6.28503911170457],[-75.55125173818567,6.285372527140927],[-75.5530267760122,6.286796817103689],[-75.55392094357178,6.286851328024856],[-75.55457977815603,6.287332217335245],[-75.55578009765843,6.288920086994334],[-75.55396678000378,6.289576628650466],[-75.55369601732542,6.290099738541766]]]}},{"type":"Feature","properties":{"codigo":"1418","nombre":"El Poblado","comuna":"Comuna 14 El Poblado"},"geometry":{"type":"Polygon","coordinates":[[[-75.56389322127558,6.207577796848583],[-75.56421842906548,6.207356311615857],[-75.56526574515776,6.207778954031229],[-75.56613465508951,6.207259139735311],[-75.56721528428831,6.207317904713515],[-75.5677177717099,6.207044435494637],[-75.56923709024765,6.207881795403989],[-75.5699693663502,6.207746188724854],[-75.57021101335246,6.208166562923529],[-75.57074003752804,6.208243403332821],[-75.57135318254039,6.207669339390435],[-75.57007608759035,6.211669690665769],[-75.56825469842325,6.211038001058236],[-75.5674659569724,6.211232367015895],[-75.56712607127085,6.210853803406335],[-75.56581903101844,6.211061725970975],[-75.56491680183925,6.21168098327406],[-75.56561521732912,6.209871792364615],[-75.56535889426507,6.209328241210792],[-75.56556045729852,6.208716889461234],[-75.56432287144226,6.208238874459042],[-75.56389322127558,6.207577796848583]]]}},{"type":"Feature","properties":{"codigo":"1503","nombre":"Trinidad","comuna":"Comuna 15 Guayabal"},"geometry":{"type":"Polygon","coordinates":[[[-75.58808830859103,6.223723465734561],[-75.58658389923792,6.231685783312455],[-75.5827659536567,6.231787605773389],[-75.5827833936299,6.229512833984188],[-75.5799902224364,6.228764816674877],[-75.57966275752511,6.229301592993556],[-75.57807281743155,6.230246338668201],[-75.5775709021191,6.231863435083971],[-75.57709319188801,6.229315203146585],[-75.57829632364323,6.225859518834822],[-75.5807710374272,6.226742026715566],[-75.58156201478995,6.224911342765168],[-75.58396103436256,6.224475080688561],[-75.585055227539,6.223786852886994],[-75.58547866059949,6.223061352857846],[-75.58808830859103,6.223723465734561]]]}},{"type":"Feature","properties":{"codigo":"1614","nombre":"La Palma","comuna":"Comuna 16 Belen"},"geometry":{"type":"Polygon","coordinates":[[[-75.59866090527892,6.228628466794621],[-75.59961564984968,6.2283097395211],[-75.60069964210594,6.22721127538249],[-75.60229352356883,6.226866512647685],[-75.6027835667755,6.226237048441484],[-75.60547113824065,6.226477564214754],[-75.60578903376654,6.226738580940378],[-75.60512461903248,6.228674386685517],[-75.60570238834761,6.231046299216147],[-75.59875647812665,6.231269364898771],[-75.59866090527892,6.228628466794621]]]}},{"type":"Feature","properties":{"codigo":"1103","nombre":"Naranjal","comuna":"Comuna 11 Laureles Estadio"},"geometry":{"type":"Polygon","coordinates":[[[-75.57901614970476,6.250948648087754],[-75.5801177129765,6.248886302615189],[-75.58029442311864,6.247963055789538],[-75.58171618683271,6.248391306704005],[-75.58877078296781,6.249235218172078],[-75.58788503477051,6.253716987307755],[-75.5874333246303,6.253814187476459],[-75.58569024488173,6.252903436778121],[-75.5835118705591,6.253253816146502],[-75.58196926015013,6.252868515506415],[-75.58016237701526,6.251441320253782],[-75.57901614970476,6.250948648087754]]]}},{"type":"Feature","properties":{"codigo":"0603","nombre":"Doce de Octubre No.2","comuna":"Comuna 06 Doce de Octubre"},"geometry":{"type":"Polygon","coordinates":[[[-75.57454654995556,6.303855819962064],[-75.57776173823746,6.297922579489735],[-75.57862065528978,6.297545112002818],[-75.57865851363762,6.296859851242969],[-75.580668066452,6.297577019387579],[-75.58248291324125,6.29723935076101],[-75.58178979353306,6.300833656605976],[-75.58191478242192,6.302602958251875],[-75.58235424002251,6.303439489080675],[-75.58202045186641,6.303983253945172],[-75.57989253088624,6.302630109180446],[-75.57870420608616,6.302283175491081],[-75.57855628387375,6.301818408435535],[-75.57791782981158,6.302904584502357],[-75.57678581188496,6.302922549635257],[-75.57532380463635,6.304429570397831],[-75.57477248135928,6.304392838906054],[-75.57454654995556,6.303855819962064]]]}},{"type":"Feature","properties":{"codigo":"0104","nombre":"Granizal","comuna":"Comuna 01 Popular"},"geometry":{"type":"Polygon","coordinates":[[[-75.5488319122954,6.294886038893994],[-75.5472216801044,6.294228855585056],[-75.54480835455529,6.294023692727754],[-75.54502560415001,6.292952687364831],[-75.5440981011251,6.293125966894721],[-75.54398017470767,6.292678152806973],[-75.54347799393234,6.292874101677981],[-75.54326431055912,6.292403672391674],[-75.54230149649435,6.292399374502495],[-75.54288624441008,6.290764953315916],[-75.54290520221164,6.289787128522874],[-75.54353836684776,6.290563150205988],[-75.54590433892314,6.290805995128948],[-75.54573999558804,6.291396872926369],[-75.54694191905277,6.291412284373656],[-75.54769173350323,6.291922548822627],[-75.5482350729946,6.291526070679717],[-75.54883200000194,6.29205848677461],[-75.5497643080651,6.291791348103395],[-75.54955778780396,6.292372573365055],[-75.55020797836342,6.292415205165388],[-75.55038918256632,6.293461729715534],[-75.5499997888667,6.294353914801328],[-75.5488319122954,6.294886038893994]]]}},{"type":"Feature","properties":{"codigo":"1605","nombre":"San Bernardo","comuna":"Comuna 16 Belen"},"geometry":{"type":"Polygon","coordinates":[[[-75.59138755695639,6.229103452458288],[-75.5912717061774,6.226687432094203],[-75.59198350756701,6.222768420462867],[-75.59513066598082,6.223361540583355],[-75.595417440705,6.222446193842093],[-75.59786840162914,6.222378259122111],[-75.5972192368338,6.224845172997974],[-75.59942690365018,6.225491430596742],[-75.599927704657,6.225336585620767],[-75.60169617249902,6.227013456181364],[-75.6006674605422,6.227227097508372],[-75.59943272111548,6.228415974501844],[-75.5960524204593,6.22931115491007],[-75.59554765630655,6.229349602922823],[-75.59481644518392,6.228680656310472],[-75.59364710619101,6.228224177775233],[-75.59138755695639,6.229103452458288]]]}},{"type":"Feature","properties":{"codigo":"0101","nombre":"Santo Domingo Savio No.1","comuna":"Comuna 01 Popular"},"geometry":{"type":"Polygon","coordinates":[[[-75.54302104037461,6.301717064167091],[-75.54262261380383,6.301837443637218],[-75.54223901897096,6.301299472760916],[-75.54258623551489,6.30060116281248],[-75.54236750567317,6.29987383302672],[-75.54203097068478,6.299087364332818],[-75.54147299353204,6.2992573933731],[-75.54038665244106,6.296928203480194],[-75.54042178154488,6.295723928877567],[-75.54145736283542,6.294334046028931],[-75.5414948541743,6.292999401531524],[-75.54236563304676,6.292273120878109],[-75.54326431055912,6.292403672391674],[-75.54347799393234,6.292874101677981],[-75.54398017470767,6.292678152806973],[-75.5440981011251,6.293125966894721],[-75.54502560415001,6.292952687364831],[-75.54480835455529,6.294023692727754],[-75.5479821363112,6.294531597022875],[-75.54780036168576,6.295732099403166],[-75.54702206559939,6.296491200035536],[-75.54696743796343,6.297864753449788],[-75.54584029145663,6.299948423143944],[-75.54559020331062,6.301350182517701],[-75.54447264087635,6.301473354221926],[-75.54391270019728,6.302008511860564],[-75.54404893962196,6.302612156038787],[-75.54377880714618,6.302822990388159],[-75.54363761654598,6.302221993894043],[-75.54302104037461,6.301717064167091]]]}},{"type":"Feature","properties":{"codigo":"1207","nombre":"El Danubio","comuna":"Comuna 12 La America"},"geometry":{"type":"Polygon","coordinates":[[[-75.60524397144968,6.255926408544632],[-75.60757059916956,6.252311245495768],[-75.60683143715056,6.251659267047039],[-75.60909380888025,6.249869115514628],[-75.61114195587524,6.25241041033437],[-75.61037361065502,6.254034338210469],[-75.60924145240084,6.253380135167112],[-75.60839186745515,6.255997370958665],[-75.60639925361441,6.25620883515607],[-75.60623264530682,6.255679989614623],[-75.60524397144968,6.255926408544632]]]}},{"type":"Feature","properties":{"codigo":"0111","nombre":"La Avanzada","comuna":"Comuna 01 Popular"},"geometry":{"type":"Polygon","coordinates":[[[-75.53604958249893,6.297828183101061],[-75.53632747853545,6.296922591014712],[-75.53539469361665,6.294997821353167],[-75.5367844214206,6.295145145408288],[-75.5374368181407,6.294393501875439],[-75.53646109861482,6.294051656940819],[-75.53582770941011,6.293300971732555],[-75.53645044319764,6.292777579510559],[-75.53611716361262,6.29172513751586],[-75.53624528802573,6.29107077415847],[-75.53749175756096,6.292005434098507],[-75.5415982283809,6.29275740833277],[-75.54142422401155,6.294429684494534],[-75.53996899422648,6.295545132338443],[-75.53978039182653,6.296484725588467],[-75.53857063290357,6.296784679143165],[-75.53821462002773,6.297510295485956],[-75.53636690967883,6.29757138003248],[-75.53604958249893,6.297828183101061]]]}},{"type":"Feature","properties":{"codigo":"1012","nombre":"Perpetuo Socorro","comuna":"Comuna 10 La Candelaria"},"geometry":{"type":"Polygon","coordinates":[[[-75.57549434091906,6.239588420801237],[-75.57553781401998,6.239348851681025],[-75.57034154854207,6.237147580030043],[-75.5694053816259,6.227562583674422],[-75.57370325381434,6.230691637495381],[-75.57562747804518,6.231343647678441],[-75.575755691366,6.23451905805468],[-75.57751231819049,6.239649411305994],[-75.57549434091906,6.239588420801237]]]}},{"type":"Feature","properties":{"codigo":"1412","nombre":"San Lucas","comuna":"Comuna 14 El Poblado"},"geometry":{"type":"Polygon","coordinates":[[[-75.56737961406941,6.187443864881551],[-75.56599585109511,6.187183951594019],[-75.56341634080113,6.185684368648956],[-75.56250175047258,6.18461872991849],[-75.56167974189535,6.18443791287098],[-75.56061667094383,6.183685290945149],[-75.5604665163868,6.18233036813444],[-75.55935489342262,6.181922406012015],[-75.55880500446948,6.182059131259882],[-75.55861192866722,6.181752886552871],[-75.55835391990101,6.181876056660121],[-75.5582139078147,6.181885093614409],[-75.55813204532181,6.181882832455245],[-75.55810776949983,6.181881702083578],[-75.55810611552833,6.181881040297786],[-75.5584160984113,6.181632646440569],[-75.55945972305797,6.181550098450685],[-75.55886540513974,6.18092993082006],[-75.55845059332664,6.179703256421204],[-75.55862016627233,6.177817675432216],[-75.55882466285573,6.177348142110793],[-75.55945457079774,6.177182407567028],[-75.55996073832449,6.176602934328415],[-75.55980995172041,6.175792755550388],[-75.56175402472942,6.176346360346375],[-75.56236908238886,6.176088626094739],[-75.56279814425271,6.176291586347856],[-75.56366729973469,6.175718437406824],[-75.56388526046783,6.176126971883583],[-75.56472559413685,6.176465449245809],[-75.56606301225987,6.176330574510334],[-75.56881020545224,6.178784669131936],[-75.57048317178516,6.179234575553759],[-75.57102783906778,6.181055730747735],[-75.57022559328999,6.181244451742911],[-75.57078282494545,6.182556427822806],[-75.56982759216993,6.186849461121767],[-75.56737961406941,6.187443864881551]]]}},{"type":"Feature","properties":{"codigo":"9002","nombre":"Media Luna","comuna":""},"geometry":{"type":"Polygon","coordinates":[[[-75.51394538245106,6.255431828553397],[-75.5156951752818,6.253923781243836],[-75.51607468708973,6.25319607385847],[-75.51587448302858,6.252647608550997],[-75.51528427679365,6.252331138413207],[-75.51494712817876,6.251054913376531],[-75.51414608576579,6.25112866030075],[-75.50985656641285,6.24905043594681],[-75.5092348342181,6.247974569438928],[-75.50918235765994,6.245981174402218],[-75.5088241306157,6.244852602053848],[-75.50702222874217,6.241382421032958],[-75.50600002601924,6.240106109745126],[-75.50587366517334,6.23912522102374],[-75.50505165754151,6.238397378029189],[-75.50541016012801,6.23710013449459],[-75.50498861240321,6.236783673644371],[-75.50375542660899,6.237173764262431],[-75.50355523309004,6.236688576541257],[-75.50239583934658,6.23696265520408],[-75.50297563457384,6.23603458932818],[-75.50313385008539,6.235053734109329],[-75.50420895308041,6.234526513379688],[-75.50580064132615,6.232754801856046],[-75.50596952603225,6.23062432049965],[-75.50577990801064,6.229833270830093],[-75.50353523490405,6.227871251152583],[-75.50327195547888,6.226183692674462],[-75.50251326931557,6.224960142592729],[-75.50251331307975,6.224612090386843],[-75.50314568455924,6.22454888585299],[-75.5037992543752,6.223504808793897],[-75.50241872133873,6.222502669880869],[-75.50184970926172,6.221606100136763],[-75.50156556336363,6.218304840660041],[-75.50316782016488,6.215953050557443],[-75.50305195887942,6.215383495522736],[-75.50236698302311,6.214803323235227],[-75.50257780587292,6.214486938372488],[-75.50375813763755,6.214961699774824],[-75.5055920137035,6.214497849599715],[-75.50740473359386,6.214687908058505],[-75.50755222356216,6.215194184036125],[-75.50892223280007,6.21598536786922],[-75.50933327901829,6.215837754770308],[-75.50994446012432,6.216692133671344],[-75.51188376733694,6.215869673643635],[-75.5131483716466,6.216861229219794],[-75.51365430489398,6.216376118997176],[-75.51492954956699,6.216397342425185],[-75.51762773832898,6.214878833880806],[-75.51810198884763,6.215026537036995],[-75.51792274472335,6.215838642563075],[-75.51990373544069,6.220047098838785],[-75.52062033474473,6.220859286068164],[-75.52227493927104,6.221650461876015],[-75.52404532085058,6.224371750674192],[-75.52329692093106,6.22558459709847],[-75.5236444307144,6.22902296257451],[-75.52639093406819,6.229938409623024],[-75.52697312336625,6.230607275752616],[-75.52807545097328,6.231122162313652],[-75.52867455236179,6.231098251021924],[-75.52819042048802,6.231661362795081],[-75.5274383758244,6.231898107296177],[-75.52703163045962,6.231590843791024],[-75.52561437650145,6.232821873941012],[-75.52503033669454,6.232890434725253],[-75.5251368548667,6.23420875021202],[-75.5248037951819,6.235180661711431],[-75.52517573138361,6.234844048558748],[-75.52590956147101,6.235607918210557],[-75.52658217454474,6.235678014067842],[-75.52735047166037,6.236270874475344],[-75.52917155370294,6.23996671239232],[-75.53163544308806,6.239966890860959],[-75.53036764743051,6.242618623340429],[-75.52990371170102,6.245170972063914],[-75.52615105371902,6.251256323372038],[-75.52326284578085,6.254367458948159],[-75.52341027654548,6.25588624403361],[-75.52124943691877,6.257394280339317],[-75.52022705854003,6.257320359067149],[-75.51771859354484,6.256624018902442],[-75.51681228138726,6.255273912070668],[-75.5152734488586,6.255189382551929],[-75.51476744171984,6.256043641139406],[-75.51420844266877,6.25971394954122],[-75.51324921753674,6.260441595033658],[-75.51323894167484,6.257920853842309],[-75.51394538245106,6.255431828553397]]]}},{"type":"Feature","properties":{"codigo":"9004","nombre":"Barro Blanco","comuna":""},"geometry":{"type":"Polygon","coordinates":[[[-75.48624919648164,6.25374422063997],[-75.48576893188874,6.252764936542174],[-75.48439120765067,6.251529035451438],[-75.48392058104335,6.251688946040218],[-75.48332496892057,6.251375594514588],[-75.48246896712232,6.251874635025148],[-75.48135004206897,6.251763552688521],[-75.48120178480146,6.252020860611498],[-75.479043516048,6.251756531907375],[-75.47803073785906,6.25089028788831],[-75.47739972048724,6.250813417963218],[-75.47595478564547,6.248411880936283],[-75.4747234218581,6.248966313061402],[-75.47424434658753,6.248717492209075],[-75.47368666314158,6.247785174449543],[-75.47379817564813,6.245798642222769],[-75.4723418990727,6.2444795791128],[-75.47185519792693,6.242248496390005],[-75.47217775648873,6.241021650381225],[-75.47374441922578,6.239724017865923],[-75.473078541489,6.237667725842035],[-75.47345824909267,6.236855494670555],[-75.47840464231787,6.235067773256884],[-75.47879087432202,6.234354567535537],[-75.47884957446144,6.232551072201034],[-75.48157589504571,6.230353501917504],[-75.4823137239459,6.230153977090912],[-75.48368446449656,6.230389889521649],[-75.48449996490763,6.231268086012707],[-75.48526632725927,6.231439331223604],[-75.48827485162815,6.230132666660901],[-75.48866312528696,6.229483920395229],[-75.48974771860624,6.228949709601486],[-75.49051431161315,6.229223364077783],[-75.48987581569351,6.229767865738403],[-75.48991791184133,6.230179206212139],[-75.48906405913223,6.231202140729703],[-75.48699816324881,6.232172153141359],[-75.48732472916532,6.233216359968332],[-75.48649192671002,6.23435531050282],[-75.48529029916769,6.235082867893732],[-75.48637564744921,6.236570169752063],[-75.48765087460401,6.237013341428516],[-75.48819881799709,6.237793904598639],[-75.48742919699058,6.239270371744171],[-75.48748173096057,6.240346177738389],[-75.48596390869172,6.241010404664047],[-75.48518398000252,6.240947000289637],[-75.48506789955975,6.241854025973405],[-75.48570022749864,6.242212724431674],[-75.48566851219105,6.242824447736403],[-75.4871122880486,6.243932109981623],[-75.48709097055689,6.245482520624428],[-75.48646898696444,6.246347280481646],[-75.48643695489868,6.249005126162892],[-75.48928219830175,6.252496626140844],[-75.48817538780621,6.253255845332355],[-75.48624919648164,6.25374422063997]]]}},{"type":"Feature","properties":{"codigo":"9010","nombre":"Piedra Gorda","comuna":""},"geometry":{"type":"Polygon","coordinates":[[[-75.49051431161315,6.229223364077783],[-75.49105523589057,6.229154258689138],[-75.49156185392135,6.228534559353126],[-75.49196276400485,6.228871673769689],[-75.49354320918665,6.232246950650729],[-75.49470241360395,6.233291269573033],[-75.4949345034493,6.231709247578731],[-75.49566189089026,6.230549173559295],[-75.49755902439856,6.230391226080019],[-75.49790689360853,6.22989556191706],[-75.49871847705595,6.229579258400963],[-75.50044726183977,6.227185305566975],[-75.50336667376354,6.227301691189711],[-75.50452581841236,6.228915527328017],[-75.50577990801064,6.229833270830093],[-75.50580064132615,6.232754801856046],[-75.50420895308041,6.234526513379688],[-75.50313385008539,6.235053734109329],[-75.50297563457384,6.23603458932818],[-75.50239583934658,6.23696265520408],[-75.50355523309004,6.236688576541257],[-75.50375542660899,6.237173764262431],[-75.50498861240321,6.236783673644371],[-75.50541016012801,6.23710013449459],[-75.50505165754151,6.238397378029189],[-75.50587366517334,6.23912522102374],[-75.50600002601924,6.240106109745126],[-75.50558894482519,6.240380284794814],[-75.50471435022574,6.238703200657043],[-75.50406091684856,6.238492181461402],[-75.50361813832446,6.239399172054061],[-75.50400797881811,6.240453922644529],[-75.50282753777638,6.240401042748533],[-75.50274309169279,6.241434642173425],[-75.50140447405064,6.242004013491817],[-75.50056100375603,6.244260970570853],[-75.49973902738701,6.243290536365679],[-75.49862185073108,6.242995073566262],[-75.48705942271198,6.245018445951392],[-75.4871122880486,6.243932109981623],[-75.48566851219105,6.242824447736403],[-75.48570022749864,6.242212724431674],[-75.48516272744807,6.242043887544938],[-75.48518398000252,6.240947000289637],[-75.48596390869172,6.241010404664047],[-75.48748173096057,6.240346177738389],[-75.48742919699058,6.239270371744171],[-75.48819881799709,6.237793904598639],[-75.48765087460401,6.237013341428516],[-75.48637564744921,6.236570169752063],[-75.48529029916769,6.235082867893732],[-75.48649192671002,6.23435531050282],[-75.48732472916532,6.233216359968332],[-75.48699816324881,6.232172153141359],[-75.48906405913223,6.231202140729703],[-75.49051431161315,6.229223364077783]]]}},{"type":"Feature","properties":{"codigo":"7004","nombre":"San Pablo","comuna":""},"geometry":{"type":"Polygon","coordinates":[[[-75.628260739579,6.24087630498796],[-75.6267430356293,6.2410241335692],[-75.62218978488258,6.240138669245883],[-75.62067298435078,6.240600123323536],[-75.62091026246226,6.240278895408369],[-75.61898717243915,6.239702222651339],[-75.61875227802116,6.239231985473081],[-75.61899443273359,6.237336552977655],[-75.61990025157259,6.236766490474904],[-75.62079914080876,6.236859064400238],[-75.62171191051131,6.23632336995957],[-75.62205146993257,6.236531401659967],[-75.62279398002808,6.235511957842479],[-75.62164899406584,6.235969960022656],[-75.62030601934246,6.235660590386071],[-75.61896309335175,6.23583830024148],[-75.61732362522915,6.235027854910801],[-75.61486815014949,6.23453959380483],[-75.61483358850673,6.233805407024564],[-75.61552074634362,6.233860974793133],[-75.61537451537399,6.233229924411766],[-75.61604115151479,6.231652294483598],[-75.61535504860849,6.231176884610317],[-75.61390381177105,6.230979658710409],[-75.61495873097209,6.230942341778893],[-75.61625513417019,6.23139574823308],[-75.61763577976085,6.231047568829879],[-75.61854200472386,6.229212297742293],[-75.61996470064189,6.227830497998299],[-75.62303177214686,6.228673951463906],[-75.62862813260867,6.227787389639105],[-75.63136839915292,6.227850351209692],[-75.63365553329284,6.228419612868687],[-75.63691213893483,6.227723095043531],[-75.63553167536627,6.229336969116207],[-75.6344990746591,6.231488695898904],[-75.63319232837668,6.232754502011637],[-75.63382472691079,6.23294427065746],[-75.63481541084137,6.232669923554357],[-75.63521594818984,6.232944095996295],[-75.63592201400567,6.232279542551934],[-75.6375557167122,6.232838323413516],[-75.63975890175877,6.235917762738477],[-75.64071810413874,6.236624283393549],[-75.64158237476754,6.236771821832776],[-75.64759043470208,6.239882325832364],[-75.64505048430128,6.24068427663317],[-75.6408662542199,6.240948546882334],[-75.63823112328977,6.239430130700616],[-75.63618642579405,6.239451492883947],[-75.63480577288266,6.239820814998289],[-75.63230813594205,6.242057095082127],[-75.628260739579,6.24087630498796]]]}},{"type":"Feature","properties":{"codigo":"1213","nombre":"Calasanz Parte Alta","comuna":"Comuna 12 La America"},"geometry":{"type":"Polygon","coordinates":[[[-75.60481417104977,6.262529254694321],[-75.60465331549925,6.263540650676553],[-75.60502152062337,6.264275150086209],[-75.60452750843038,6.265129493161727],[-75.60532541778146,6.265894473963669],[-75.60527972657276,6.266536338225528],[-75.60583878109036,6.267178161025709],[-75.60565708516467,6.267424226035653],[-75.6057363922644,6.267074605001163],[-75.6051731718308,6.26667655507316],[-75.6050128890394,6.266003262053355],[-75.60448330826155,6.265775817834164],[-75.60436251383338,6.266250903665657],[-75.60473657990914,6.267062886810961],[-75.60396942453198,6.267998584368543],[-75.6045174381525,6.268358640525124],[-75.60464909325246,6.268548531953821],[-75.60463720776802,6.268782490264385],[-75.60416691929414,6.26814870108105],[-75.60211455801287,6.269223295262408],[-75.60027701495112,6.268811899407721],[-75.60036621706989,6.269465878260527],[-75.59996341848756,6.269871233919119],[-75.60060392380667,6.270025938203027],[-75.60016463375096,6.270417717708661],[-75.60051132786342,6.270743274112922],[-75.59986944264935,6.270596920498531],[-75.59931040097378,6.270109907630966],[-75.59893371005289,6.2690454331726],[-75.59836904111177,6.268865790188048],[-75.59903528103136,6.26789617848352],[-75.59821191291114,6.266167267619704],[-75.59968392572061,6.265446217075738],[-75.6009728962425,6.263284374270945],[-75.60150425501348,6.263621092328105],[-75.60218854888527,6.262611924074478],[-75.60481417104977,6.262529254694321]]]}},{"type":"Feature","properties":{"codigo":"7002","nombre":"Aguas Frías","comuna":""},"geometry":{"type":"Polygon","coordinates":[[[-75.64759043470208,6.239882325832364],[-75.64158237476754,6.236771821832776],[-75.64071810413874,6.236624283393549],[-75.63975890175877,6.235917762738477],[-75.6375557167122,6.232838323413516],[-75.63592201400567,6.232279542551934],[-75.63521594818984,6.232944095996295],[-75.63481541084137,6.232669923554357],[-75.63382472691079,6.23294427065746],[-75.63319232837668,6.232754502011637],[-75.6344990746591,6.231488695898904],[-75.63553167536627,6.229336969116207],[-75.63691213893483,6.227723095043531],[-75.63819795089996,6.227712378617324],[-75.63942036947365,6.226541494370005],[-75.64177060060808,6.226087649846808],[-75.64339374791099,6.226625319402839],[-75.64501674262074,6.226087187006942],[-75.64701927786469,6.226392755667208],[-75.64871606791706,6.226012807002226],[-75.65436264398316,6.223465029844783],[-75.65400207440088,6.224106431244246],[-75.65579065001215,6.226223501582505],[-75.65609227264662,6.227615385249189],[-75.65746042202393,6.229556012948192],[-75.65772729678044,6.231264427454234],[-75.65960707995372,6.232998408394248],[-75.65984220213082,6.234986703897243],[-75.66067232846643,6.236924595560866],[-75.66049403685604,6.237680780995355],[-75.6594668633335,6.238918603094326],[-75.65490493470516,6.239585855861657],[-75.65081548129805,6.239238461632914],[-75.64884468036422,6.240029793590005],[-75.64759043470208,6.239882325832364]]]}},{"type":"Feature","properties":{"codigo":"0202","nombre":"Playón de Los Comuneros","comuna":"Comuna 02 Santa Cruz"},"geometry":{"type":"Polygon","coordinates":[[[-75.55703469129905,6.310074170553791],[-75.55500862326457,6.308164380076899],[-75.55310680587712,6.307498402337154],[-75.5521417020364,6.307505469158519],[-75.55175497328271,6.307076722156251],[-75.55080139861022,6.307109958914539],[-75.55036565004009,6.306549625679247],[-75.54961120417828,6.306773980157071],[-75.54907237086469,6.306076049740152],[-75.54862874276428,6.306148536050928],[-75.5486015598473,6.305804641583991],[-75.54829724553784,6.306057849808886],[-75.54698093378055,6.305482653192253],[-75.54602816671105,6.305718023196607],[-75.54589493561676,6.305364135034325],[-75.54720409552849,6.305026064304357],[-75.54801364533218,6.30536127879603],[-75.54887904663642,6.305212341020169],[-75.54933967479563,6.304835278322011],[-75.54907915511535,6.304029899382852],[-75.55285104720326,6.306136182932943],[-75.55555739903635,6.30690497751295],[-75.55558705789865,6.306683536532288],[-75.55714073653914,6.306948427480768],[-75.55740518169655,6.309379864347812],[-75.55703469129905,6.310074170553791]]]}},{"type":"Feature","properties":{"codigo":"0905","nombre":"Alejandro Echavarría","comuna":"Comuna 09 Buenos Aires"},"geometry":{"type":"Polygon","coordinates":[[[-75.55005102766928,6.242692374138452],[-75.5478360171307,6.241842503716252],[-75.54697106358898,6.240390367662369],[-75.54523259338556,6.239993650941752],[-75.5448656495744,6.238543794341435],[-75.54407410596585,6.237222741354928],[-75.54244236728768,6.236710756190838],[-75.54122738261127,6.235048406974779],[-75.54010777295315,6.23438727476953],[-75.53932472006402,6.232982593150894],[-75.540361986242,6.231857129350166],[-75.54050424889213,6.232253780831971],[-75.54151320800013,6.232545383007935],[-75.54185250566647,6.233317217446133],[-75.54247526526409,6.233642699867325],[-75.54448856800133,6.236598978760299],[-75.55134806564685,6.240088806643597],[-75.55005102766928,6.242692374138452]]]}},{"type":"Feature","properties":{"codigo":"0608","nombre":"Picacho","comuna":"Comuna 06 Doce de Octubre"},"geometry":{"type":"Polygon","coordinates":[[[-75.58185676904465,6.301472297852022],[-75.58248908711853,6.297404427571227],[-75.5822890020787,6.296563205767137],[-75.58266387337822,6.296307330893094],[-75.58216843573999,6.295055666625643],[-75.58302082096195,6.293932636001584],[-75.58279786521275,6.293732637922884],[-75.58224234046993,6.294020396522177],[-75.58216209067201,6.2932874201597],[-75.58275205282392,6.291886474786756],[-75.58423389650625,6.292149522098684],[-75.58417587059388,6.292619456556071],[-75.58499702443471,6.292139529788487],[-75.58589893747401,6.293249187609608],[-75.58689955866232,6.293264973540649],[-75.58769590423898,6.294815545008449],[-75.58820657011265,6.294852690507322],[-75.58835901562699,6.295016614374899],[-75.58717318956091,6.295698865004856],[-75.58693717088781,6.296541927002592],[-75.58636443273647,6.297054160821157],[-75.5857703194843,6.297128203701942],[-75.58407740801515,6.300375719756262],[-75.58374896366008,6.301851467509035],[-75.58279279889419,6.301265566391088],[-75.58224423887039,6.303163575219679],[-75.58185676904465,6.301472297852022]]]}},{"type":"Feature","properties":{"codigo":"0105","nombre":"Moscú No.2","comuna":"Comuna 01 Popular"},"geometry":{"type":"Polygon","coordinates":[[[-75.5487954808907,6.292034844839467],[-75.5482350729946,6.291526070679717],[-75.54769173350323,6.291922548822627],[-75.54694191905277,6.291412284373656],[-75.54573999558804,6.291396872926369],[-75.54663205279154,6.28771034099902],[-75.55161545934347,6.288361081067581],[-75.55155162654842,6.288976715195888],[-75.55253800742895,6.28941604452771],[-75.55333674401209,6.289348072167051],[-75.55331454534557,6.289941115289422],[-75.55247740058381,6.291272572908837],[-75.5487954808907,6.292034844839467]]]}},{"type":"Feature","properties":{"codigo":"1004","nombre":"El Chagualo","comuna":"Comuna 10 La Candelaria"},"geometry":{"type":"Polygon","coordinates":[[[-75.56748169064097,6.264444191198586],[-75.56773804043911,6.263409697539266],[-75.57066912579525,6.25797194556764],[-75.57166289734356,6.257026097439789],[-75.57217220757458,6.257026094240095],[-75.5737959189236,6.260476565414505],[-75.57208958678339,6.26517380385564],[-75.56748169064097,6.264444191198586]]]}},{"type":"Feature","properties":{"codigo":"1509","nombre":"Cristo Rey","comuna":"Comuna 15 Guayabal"},"geometry":{"type":"Polygon","coordinates":[[[-75.58971105959232,6.211359628086308],[-75.58509146059177,6.209150564543323],[-75.58536075127618,6.208512083031724],[-75.58451611031674,6.208211518668212],[-75.57897630483424,6.207356218605419],[-75.57986878739158,6.201044919801079],[-75.58544075565601,6.203326321343629],[-75.58846249711155,6.205072128976657],[-75.58963639113449,6.207849723270709],[-75.59192921786776,6.208198808248641],[-75.59047886152233,6.210184353031453],[-75.59008481704832,6.211237568318138],[-75.58971105959232,6.211359628086308]]]}},{"type":"Feature","properties":{"codigo":"1105","nombre":"Los Conquistadores","comuna":"Comuna 11 Laureles Estadio"},"geometry":{"type":"Polygon","coordinates":[[[-75.58029442311864,6.247963055789538],[-75.57751231819049,6.239649411305994],[-75.58991658443685,6.239220761984272],[-75.5809454538603,6.248186789067352],[-75.58029442311864,6.247963055789538]]]}},{"type":"Feature","properties":{"codigo":"0916","nombre":"Asomadera No.3","comuna":"Comuna 09 Buenos Aires"},"geometry":{"type":"Polygon","coordinates":[[[-75.56041750167172,6.221973596046771],[-75.55748698520178,6.219522333313845],[-75.55619001980945,6.219114343433686],[-75.5553701671915,6.218467563702103],[-75.55565896169071,6.217835046492723],[-75.55789030646828,6.216188624998779],[-75.55997249640961,6.22007826190894],[-75.56047386557277,6.220172063208884],[-75.56175778759668,6.21948614519676],[-75.56238054281462,6.219897488033644],[-75.56210387762557,6.220555167712076],[-75.56113952576703,6.220876087330475],[-75.56070662468753,6.222690019991957],[-75.56041750167172,6.221973596046771]]]}},{"type":"Feature","properties":{"codigo":"1612","nombre":"La Gloria","comuna":"Comuna 16 Belen"},"geometry":{"type":"Polygon","coordinates":[[[-75.59786840162914,6.222378259122111],[-75.59881863276031,6.222310402524352],[-75.60147274196363,6.220502177861126],[-75.60377407901548,6.220537059853596],[-75.60550972623817,6.221212703780211],[-75.60610868272768,6.219935715869035],[-75.60730678926092,6.220118695412046],[-75.60851275183728,6.219658679682096],[-75.6087152224891,6.224124583059941],[-75.60652236632545,6.22535422932477],[-75.60593968028107,6.225257087937378],[-75.60592434559257,6.223993704010033],[-75.60514009864464,6.223938386879624],[-75.60461506356984,6.224696680126331],[-75.60324875874016,6.225490061087561],[-75.60240023129803,6.226794183009535],[-75.60169617249902,6.227013456181364],[-75.599927704657,6.225336585620767],[-75.59942690365018,6.225491430596742],[-75.5972192368338,6.224845172997974],[-75.59786840162914,6.222378259122111]]]}},{"type":"Feature","properties":{"codigo":"1301","nombre":"El Pesebre","comuna":"Comuna 13 San Javier"},"geometry":{"type":"Polygon","coordinates":[[[-75.60281448299583,6.275733887666928],[-75.60081606836245,6.274718112316358],[-75.59927057323794,6.27456339077865],[-75.59859405756389,6.273737371890455],[-75.59747318736453,6.273492217372616],[-75.59665156591745,6.272799549129093],[-75.5953494512294,6.272736335920537],[-75.59412239070197,6.271738573946791],[-75.59493263903667,6.27093733639513],[-75.5953787793249,6.272074132501004],[-75.59748437385606,6.27156663203754],[-75.59790495668983,6.269980034041158],[-75.59851932653969,6.270341611970875],[-75.59898001554754,6.269100803043043],[-75.59944197687528,6.270285055362165],[-75.60097521586007,6.270890475466],[-75.60115732124639,6.271251732702011],[-75.60010854559948,6.271875813560579],[-75.5995495848859,6.272789053899579],[-75.60002395130633,6.2734649419814],[-75.60097515520273,6.273529331353882],[-75.60171248205644,6.274149495043796],[-75.60288688384557,6.274031045241774],[-75.60294905728767,6.273989681492028],[-75.6030036939118,6.273774265768751],[-75.60301582575482,6.273748690306019],[-75.60302468620296,6.273749316165619],[-75.60351351027683,6.275312337451067],[-75.60281448299583,6.275733887666928]]]}},{"type":"Feature","properties":{"codigo":"1405","nombre":"Lalinde","comuna":"Comuna 14 El Poblado"},"geometry":{"type":"Polygon","coordinates":[[[-75.5634922939264,6.215072224995025],[-75.5634268053142,6.214454092147574],[-75.5642562093163,6.213624649578923],[-75.56425226455949,6.212636993132755],[-75.56395359234513,6.212627951295142],[-75.56411619913824,6.212225657842812],[-75.5657574898772,6.211091106769076],[-75.56712607127085,6.210853803406335],[-75.5674659569724,6.211232367015895],[-75.56825469842325,6.211038001058236],[-75.57007608759035,6.211669690665769],[-75.56996091951603,6.21468916054125],[-75.56692788962833,6.214040517622997],[-75.56644572063661,6.214456370973656],[-75.56448373515967,6.214647338105801],[-75.56412408143898,6.215099351370315],[-75.5634922939264,6.215072224995025]]]}},{"type":"Feature","properties":{"codigo":"0409","nombre":"Manrique Central No.1","comuna":"Comuna 04 Aranjuez"},"geometry":{"type":"Polygon","coordinates":[[[-75.55475500727327,6.269260038923434],[-75.55567051487606,6.262002673518179],[-75.5562829757834,6.261399228654017],[-75.55721584660576,6.262219611890481],[-75.55830648082554,6.262225771505756],[-75.55767355785979,6.263097825369868],[-75.55974208375697,6.263472346820561],[-75.55861925628125,6.269932921067845],[-75.55475500727327,6.269260038923434]]]}},{"type":"Feature","properties":{"codigo":"1314","nombre":"Las Independencias","comuna":"Comuna 13 San Javier"},"geometry":{"type":"Polygon","coordinates":[[[-75.62037396475381,6.24812559715653],[-75.62158895503111,6.247085840145006],[-75.62265614887076,6.247425871916636],[-75.62467244908345,6.24732395670471],[-75.62661487398024,6.248062790238365],[-75.62662349541444,6.249434655759373],[-75.62605791164117,6.251092485131001],[-75.62597223407506,6.252439501087452],[-75.62464233399842,6.25082708038692],[-75.62277007918405,6.251662376394086],[-75.62182980552112,6.250196812191896],[-75.62128155499283,6.250323432475504],[-75.62037396475381,6.24812559715653]]]}},{"type":"Feature","properties":{"codigo":"Inst_19","nombre":"Parque Juan Pablo II","comuna":"Comuna 15 Guayabal"},"geometry":{"type":"Polygon","coordinates":[[[-75.58658389923792,6.231685783312455],[-75.58872055136412,6.220626000412687],[-75.58804978642121,6.220283623584787],[-75.5864497030341,6.220592182574698],[-75.58625937341867,6.218900517936704],[-75.58562474953789,6.218631589596228],[-75.58669560009137,6.212823144250365],[-75.5881505792007,6.213092041371181],[-75.5885547421655,6.210744931314957],[-75.5899843215821,6.211313284490346],[-75.59192921786776,6.208198808248641],[-75.59296299287226,6.208318545466202],[-75.59404310949608,6.209331011237934],[-75.59436780448424,6.2104113138138],[-75.59132419678444,6.226264794013243],[-75.59138755695639,6.229103452458288],[-75.59071286281883,6.229601829050077],[-75.59038036685693,6.231102536638914],[-75.58994901666898,6.231522929857772],[-75.58658389923792,6.231685783312455]]]}},{"type":"Feature","properties":{"codigo":"0209","nombre":"Moscú No.1","comuna":"Comuna 02 Santa Cruz"},"geometry":{"type":"Polygon","coordinates":[[[-75.55359000456286,6.293359230226849],[-75.55156563617662,6.293203346639006],[-75.55088909585224,6.292874902484631],[-75.55103365975644,6.292450009086196],[-75.54955778780396,6.292372573365055],[-75.5497643080651,6.291791348103395],[-75.55081169646225,6.29180638634559],[-75.55247740058381,6.291272572908837],[-75.55313980515955,6.290000062450381],[-75.55368559981414,6.290103941230411],[-75.55396678000378,6.289576628650466],[-75.55583458261708,6.288916026059927],[-75.55630995293315,6.290516580497216],[-75.5555121816529,6.29305741985052],[-75.55359000456286,6.293359230226849]]]}},{"type":"Feature","properties":{"codigo":"0707","nombre":"Bosques de San Pablo","comuna":"Comuna 07 Robledo"},"geometry":{"type":"Polygon","coordinates":[[[-75.58388980787919,6.279633269917002],[-75.58023603525352,6.276152324039968],[-75.57874349758204,6.275932621684357],[-75.5788463313767,6.274761595225198],[-75.57978560640694,6.273580685139253],[-75.58194183607746,6.273633234928143],[-75.5823208019716,6.274817872011547],[-75.58221743072941,6.275621458330866],[-75.5836780727056,6.277235112633074],[-75.58390095013318,6.277876966983295],[-75.5845273469498,6.277710208702002],[-75.58610242536072,6.27846502271214],[-75.5860959310336,6.279311801992941],[-75.58655118537753,6.279701522421508],[-75.58684260409552,6.280857587134228],[-75.58581806956862,6.281837045257888],[-75.58471185394603,6.281225215076113],[-75.58388980787919,6.279633269917002]]]}},{"type":"Feature","properties":{"codigo":"0807","nombre":"Los Mangos","comuna":"Comuna 08 Vista Hermosa"},"geometry":{"type":"Polygon","coordinates":[[[-75.53977329747991,6.248893574582019],[-75.54075521568096,6.248612246520806],[-75.54148527209799,6.248973896810304],[-75.54366704088017,6.248691494300819],[-75.54549992592655,6.246950186282826],[-75.54604028596519,6.246834945234556],[-75.54771269759404,6.247736784804038],[-75.54792216114838,6.24815942764106],[-75.54775947978646,6.249856739591592],[-75.54840768765324,6.249759581492139],[-75.54831392192492,6.250703160327788],[-75.54910438847737,6.251459186437271],[-75.54910436914594,6.251983524172736],[-75.54837541351318,6.252143963021876],[-75.54722972017477,6.253111231503128],[-75.54564872146203,6.253197048795974],[-75.54448157798443,6.253851290280772],[-75.54270297160575,6.253535926189675],[-75.54190002980157,6.253966430806718],[-75.54126430326599,6.252788897762849],[-75.54153198529856,6.251943642335124],[-75.54112378114999,6.251366171722062],[-75.5412960788838,6.249749094852695],[-75.53977329747991,6.248893574582019]]]}},{"type":"Feature","properties":{"codigo":"0904","nombre":"Los Cerros El Vergel","comuna":"Comuna 09 Buenos Aires"},"geometry":{"type":"Polygon","coordinates":[[[-75.540361986242,6.231857129350166],[-75.541049227849,6.229890895374697],[-75.5448270088809,6.23138046960364],[-75.54644624110892,6.233601067675944],[-75.54592224030046,6.234389813166146],[-75.54787857325934,6.236421704907525],[-75.54762216640002,6.238163085991231],[-75.54442194428896,6.236543603223996],[-75.54247526526409,6.233642699867325],[-75.54185250566647,6.233317217446133],[-75.54151320800013,6.232545383007935],[-75.54050424889213,6.232253780831971],[-75.540361986242,6.231857129350166]]]}},{"type":"Feature","properties":{"codigo":"1619","nombre":"Miravalle","comuna":"Comuna 16 Belen"},"geometry":{"type":"Polygon","coordinates":[[[-75.59984996262278,6.237709397413113],[-75.59909610558351,6.236285591919375],[-75.59829207217346,6.236095791573512],[-75.59822981239695,6.233432291452468],[-75.59999140042652,6.232994862777299],[-75.60098461184808,6.233732717846087],[-75.60104403484151,6.235954372350031],[-75.6023375838445,6.235936210108768],[-75.60308976664366,6.237530646512291],[-75.59984996262278,6.237709397413113]]]}},{"type":"Feature","properties":{"codigo":"Inst_20","nombre":"El Rodeo","comuna":"Comuna 15 Guayabal"},"geometry":{"type":"Polygon","coordinates":[[[-75.59404310949608,6.209331011237934],[-75.59303977958682,6.208347922985316],[-75.59003951713527,6.208030514106869],[-75.58930890908674,6.207404500582249],[-75.58867194723688,6.204745539042066],[-75.5891495431914,6.203575928003313],[-75.59045878074797,6.202544146345004],[-75.59049769939584,6.201651412893712],[-75.59210792985465,6.202339537494773],[-75.5935216346348,6.201903276357813],[-75.59510925703172,6.202006031944343],[-75.59826481382846,6.203471526159237],[-75.59891470812515,6.204404902996675],[-75.5978911225968,6.204655829664781],[-75.59729156572742,6.205333888222426],[-75.59792399406878,6.20690460927219],[-75.597729973694,6.210482329595338],[-75.59666513066944,6.210189707826499],[-75.59510237797025,6.211107382006065],[-75.59404310949608,6.209331011237934]]]}},{"type":"Feature","properties":{"codigo":"0910","nombre":"La Milagrosa","comuna":"Comuna 09 Buenos Aires"},"geometry":{"type":"Polygon","coordinates":[[[-75.55580244143158,6.238744183984426],[-75.55204776585076,6.235975483479368],[-75.55278008259526,6.23591561303429],[-75.55355140568864,6.234178764431347],[-75.553130205216,6.233943703541883],[-75.55300264653243,6.232378594957646],[-75.55507872305103,6.233477051022316],[-75.55470154770208,6.233831873814022],[-75.55641233264465,6.234498638840209],[-75.55674544150152,6.235329224927876],[-75.55692556166183,6.235045588847895],[-75.55759801813691,6.235460328027131],[-75.55580244143158,6.238744183984426]]]}},{"type":"Feature","properties":{"codigo":"0514","nombre":"Alfonso López","comuna":"Comuna 05 Castilla"},"geometry":{"type":"Polygon","coordinates":[[[-75.57818680235732,6.289035410410932],[-75.5764894137303,6.288454670598952],[-75.57701796212716,6.286236524429567],[-75.5757647734416,6.285356036855847],[-75.57342881472775,6.284575435074485],[-75.571898301867,6.283346211142398],[-75.5714704100627,6.282363146394807],[-75.57180748979506,6.280946736786468],[-75.57365232102748,6.281029888674275],[-75.57483203737476,6.282003101907774],[-75.57554969848547,6.281934980514384],[-75.5766953248788,6.283171736977526],[-75.57865131050195,6.283797077904553],[-75.58037601588578,6.284793272770945],[-75.57818680235732,6.289035410410932]]]}},{"type":"Feature","properties":{"codigo":"0722","nombre":"Olaya Herrera","comuna":"Comuna 07 Robledo"},"geometry":{"type":"Polygon","coordinates":[[[-75.61111056827346,6.276007875170243],[-75.60789541266672,6.276675980055907],[-75.60799247129914,6.274249300113891],[-75.60876178898522,6.274040359875159],[-75.60929937348276,6.27344080141489],[-75.61073876947631,6.273692314325639],[-75.60862675780618,6.272424407469162],[-75.61036304237933,6.272662151453532],[-75.61355438376198,6.270964088519126],[-75.61522832333712,6.271202493006207],[-75.61792163875889,6.270582333441663],[-75.61849403625797,6.270116086349156],[-75.62006162595861,6.270072106383734],[-75.61886393778848,6.272055211389406],[-75.618928612277,6.272671129902343],[-75.61938827610568,6.273036261992209],[-75.61778919888067,6.273531372411321],[-75.61703249760794,6.272961904295078],[-75.61564689765493,6.27385363104939],[-75.6139167870751,6.274065101339243],[-75.6129975923826,6.274971471630221],[-75.61221100052323,6.274799772603535],[-75.61139960768706,6.275167103379585],[-75.61111056827346,6.276007875170243]]]}},{"type":"Feature","properties":{"codigo":"Inst_6","nombre":"Facultad Veterinaria y Zootecnia U.de.A.","comuna":"Comuna 07 Robledo"},"geometry":{"type":"Polygon","coordinates":[[[-75.58628269904112,6.272580805678195],[-75.58481796232688,6.272923308290967],[-75.58448193466599,6.271845185252491],[-75.58696732336124,6.271087214789655],[-75.5874938095676,6.270017555529126],[-75.58818835609327,6.270902259005222],[-75.59101561058463,6.272401340267866],[-75.58785672731977,6.273170050201012],[-75.58628269904112,6.272580805678195]]]}},{"type":"Feature","properties":{"codigo":"1420","nombre":"Astorga","comuna":"Comuna 14 El Poblado"},"geometry":{"type":"Polygon","coordinates":[[[-75.57046678441607,6.210604060460528],[-75.57135318254039,6.207669339390435],[-75.5724998700837,6.207617349448594],[-75.57334506994526,6.208157501526615],[-75.57476275990902,6.207871585872023],[-75.57587278676213,6.210501176421938],[-75.5756023808952,6.213074283827646],[-75.57384533901029,6.211891152197778],[-75.57046678441607,6.210604060460528]]]}},{"type":"Feature","properties":{"codigo":"0517","nombre":"Caribe","comuna":"Comuna 05 Castilla"},"geometry":{"type":"Polygon","coordinates":[[[-75.57284675696896,6.276353760035426],[-75.57245623574605,6.275843238780224],[-75.57142422557484,6.276296981167297],[-75.5696912390994,6.275840829607537],[-75.57208948560047,6.265174161859757],[-75.57513260006536,6.265666499704582],[-75.57673408550451,6.266683737009394],[-75.57716263638146,6.266382966915048],[-75.57668552496516,6.268324599136861],[-75.57340465172032,6.276298470599738],[-75.57292411645334,6.276100799296879],[-75.57284675696896,6.276353760035426]]]}},{"type":"Feature","properties":{"codigo":"0413","nombre":"Aranjuez","comuna":"Comuna 04 Aranjuez"},"geometry":{"type":"Polygon","coordinates":[[[-75.56308772566206,6.28354317447404],[-75.55796220686746,6.283352835342017],[-75.55824887122542,6.27799301343079],[-75.56004979151585,6.278454031059512],[-75.56188634631461,6.277715644650529],[-75.5624915801092,6.277620937107002],[-75.56303466061527,6.277949901169737],[-75.56387023370107,6.277682802813513],[-75.56344034995442,6.279163484071757],[-75.56357418286747,6.281928489765793],[-75.56308772566206,6.28354317447404]]]}},{"type":"Feature","properties":{"codigo":"0307","nombre":"Manrique Central No.2","comuna":"Comuna 03 Manrique"},"geometry":{"type":"Polygon","coordinates":[[[-75.55048140766199,6.267657927591014],[-75.54961116958508,6.267396790634678],[-75.55100962238788,6.266290306447937],[-75.55125219981721,6.264729089186064],[-75.55309740088194,6.263439299750298],[-75.55364054740993,6.262297587548534],[-75.5537178825394,6.261020073489364],[-75.55493970409115,6.260645455379548],[-75.55593101769523,6.261052515157411],[-75.5562829757834,6.261399228654017],[-75.55567051487606,6.262002673518179],[-75.55512394635795,6.266638549552478],[-75.5526951976622,6.266829642335177],[-75.55165720954444,6.267620836582414],[-75.55126876633875,6.267283173150003],[-75.55048140766199,6.267657927591014]]]}},{"type":"Feature","properties":{"codigo":"0814","nombre":"San Antonio","comuna":"Comuna 08 Vista Hermosa"},"geometry":{"type":"Polygon","coordinates":[[[-75.53591641618267,6.237959955350018],[-75.53474961949141,6.238128523809582],[-75.53415588702435,6.237726190822471],[-75.53368493778422,6.238513797871354],[-75.53179392945073,6.239643709098837],[-75.53272902036694,6.238621087967295],[-75.53324065930661,6.237288805187944],[-75.53491593007925,6.236796216779304],[-75.53526203338399,6.236973654892783],[-75.53717224847419,6.235396235404234],[-75.53680175932848,6.237026861064948],[-75.53759845096921,6.236899213348733],[-75.5380072127058,6.237355773252363],[-75.53861362744945,6.237207772276708],[-75.53913468989316,6.238745785485518],[-75.53753911208489,6.241167781827073],[-75.53747383943345,6.239768375346745],[-75.53679518086201,6.2393988135616],[-75.53685223582336,6.238947930756181],[-75.53591641618267,6.237959955350018]]]}},{"type":"Feature","properties":{"codigo":"1610","nombre":"El Rincón","comuna":"Comuna 16 Belen"},"geometry":{"type":"Polygon","coordinates":[[[-75.60312186419281,6.216124189884347],[-75.60251181272925,6.214803317988737],[-75.60207706170436,6.214671130692866],[-75.6011449420631,6.215227170084027],[-75.60047473311074,6.214772934682864],[-75.60020938673479,6.215024949759981],[-75.59900783890198,6.213681402273781],[-75.59991845483196,6.21230156882789],[-75.60024987647076,6.212351271279438],[-75.60025260341318,6.210762433974248],[-75.60150148796596,6.210745406258493],[-75.60133760730004,6.208374590601581],[-75.60054938309032,6.207515808505128],[-75.60034941969096,6.20590551245338],[-75.59998184410459,6.205445607349493],[-75.59989938692443,6.20499020616755],[-75.60024377697954,6.204834239326527],[-75.60146554847373,6.204828514195316],[-75.60294992409028,6.205909868459768],[-75.60588411522525,6.206096124947522],[-75.60603651193277,6.206824829118967],[-75.6070512187474,6.20738315778808],[-75.60723813657356,6.207905222140652],[-75.60702338568498,6.208821463104057],[-75.60602391218055,6.209577255246582],[-75.6074717980656,6.209164011156092],[-75.60755949655672,6.209664708897273],[-75.60809722875821,6.209331776367312],[-75.60875658072717,6.209460087137684],[-75.60447174787295,6.211231547242192],[-75.60478761728112,6.211671201383092],[-75.60417943704432,6.212119724767319],[-75.60552202220225,6.213408502323446],[-75.60487315311472,6.214162897354199],[-75.60532667795297,6.215177229137697],[-75.60492714419878,6.216098147127508],[-75.60380097514677,6.216501229025517],[-75.60312186419281,6.216124189884347]]]}},{"type":"Feature","properties":{"codigo":"SN01","nombre":"Sin Nombre","comuna":""},"geometry":{"type":"MultiPolygon","coordinates":[[[[-75.55082967032872,6.20082673380522],[-75.55091159864911,6.199330044963726],[-75.55111760294795,6.199337368634927],[-75.55154806333395,6.200576946323281],[-75.55082967032872,6.20082673380522]]],[[[-75.60372756920334,6.273837309652261],[-75.60301582575482,6.273748690306019],[-75.60289886365217,6.274026768231449],[-75.60189864238589,6.274181883867848],[-75.60097515520273,6.273529331353882],[-75.59997918199181,6.273421035426205],[-75.5995926988675,6.272503983368731],[-75.60116096577437,6.271302828277062],[-75.60016644184321,6.270434812210725],[-75.60059942405866,6.270019140076435],[-75.59996614871535,6.269883845191667],[-75.60036621706989,6.269465878260527],[-75.60026457451505,6.268816808318339],[-75.60093797460189,6.269152125918151],[-75.60185943977858,6.269093531041584],[-75.60202014477278,6.269737573591696],[-75.60171376169774,6.270253125260941],[-75.60201616636591,6.270587368051352],[-75.60195568398053,6.271132371590183],[-75.60265088583651,6.271286595762122],[-75.60302284162269,6.271739875116558],[-75.60232845041534,6.272434602930388],[-75.60416972818139,6.272458816845537],[-75.60538084734422,6.27208285363581],[-75.60517162921056,6.272958364072265],[-75.60421130234819,6.273734686861369],[-75.60335399285476,6.273231624945294],[-75.60324383036416,6.272777130709869],[-75.60307747460998,6.272756747562731],[-75.60331368415316,6.273427657798212],[-75.60385232666083,6.273811102017406],[-75.60402390238232,6.274209794655555],[-75.60372756920334,6.273837309652261]]],[[[-75.6046356124866,6.268845391260499],[-75.60355145811413,6.268651889645942],[-75.6030969257155,6.268911829235281],[-75.60254131587325,6.269115272763446],[-75.60250817038903,6.269053595633956],[-75.60416691929414,6.26814870108105],[-75.60463720776802,6.268782490264385],[-75.6045174381525,6.268358640525124],[-75.60396942453198,6.267998584368543],[-75.60473657990914,6.267062886810961],[-75.60436251383338,6.266250903665657],[-75.60448330826155,6.265775817834164],[-75.6050128890394,6.266003262053355],[-75.6051731718308,6.26667655507316],[-75.6057363922644,6.267074605001163],[-75.60565708516467,6.267424226035653],[-75.60653415369056,6.266791929036714],[-75.60777071067469,6.267071132006047],[-75.6069625671835,6.268688268972034],[-75.606432450039,6.268577871960178],[-75.60683406649352,6.268989253667561],[-75.60580681223021,6.268654304983789],[-75.6050327489889,6.269253369145814],[-75.6046356124866,6.268845391260499]]],[[[-75.60804415511461,6.274121717688019],[-75.60862556600809,6.272433872938505],[-75.6107346800063,6.273616141514883],[-75.60929937348276,6.27344080141489],[-75.60876178898522,6.274040359875159],[-75.60804415511461,6.274121717688019]]],[[[-75.61483347758887,6.271115940275254],[-75.61376552379643,6.27095790960364],[-75.61345730213904,6.268943909090069],[-75.6115090506284,6.266835999512202],[-75.61113385931664,6.265786983855683],[-75.6101775305219,6.264592986614343],[-75.61227946933565,6.264015732398348],[-75.6124961110178,6.264504098878882],[-75.61220195331347,6.265520426192476],[-75.6127000008441,6.265787787286017],[-75.6128044149689,6.266668539172324],[-75.61367888767957,6.266540309006383],[-75.61340899711709,6.267133439447185],[-75.61392701545606,6.268361303005158],[-75.61440253898407,6.268671352719917],[-75.61428930138803,6.268992854209264],[-75.6155006912349,6.269044665322383],[-75.6156628104193,6.269967195957581],[-75.6162679130183,6.269601840631158],[-75.61701954734687,6.270617022698801],[-75.61483347758887,6.271115940275254]]],[[[-75.61196794193795,6.223037451552053],[-75.61217771415043,6.223002259903081],[-75.61239513702418,6.223126644688282],[-75.61221638784927,6.223259868656529],[-75.61196794193795,6.223037451552053]]],[[[-75.62339560100617,6.245118311166564],[-75.62276476679257,6.244597199313641],[-75.62276814150346,6.244592713962676],[-75.62363001044095,6.244653593780114],[-75.62339560100617,6.245118311166564]]],[[[-75.63155491151186,6.249531023737866],[-75.63013934140042,6.248504134845875],[-75.62990864922772,6.248230086102003],[-75.630815952517,6.248322669669333],[-75.63189698156218,6.249279461672632],[-75.63155491151186,6.249531023737866]]],[[[-75.63913949014007,6.186490791534005],[-75.63962922877124,6.186436218633595],[-75.63930161637309,6.186902027171218],[-75.63913949014007,6.186490791534005]]],[[[-75.6413698801318,6.187239050433381],[-75.64170408643193,6.187326082030556],[-75.64199741793897,6.187711159944548],[-75.6415951205362,6.187964899810487],[-75.6413698801318,6.187239050433381]]],[[[-75.64894261435842,6.171730355768865],[-75.64908308033272,6.171167908088874],[-75.64840474907457,6.170863712721963],[-75.64804846415868,6.170182884430537],[-75.64846060889037,6.16990450734901],[-75.64875351416204,6.168574566354092],[-75.64761060684593,6.16902992771554],[-75.64863624811719,6.16765917847085],[-75.64753793373036,6.167851161284885],[-75.64696166521098,6.167586265256234],[-75.64693752667853,6.165583739114263],[-75.64755257657572,6.165689821110757],[-75.6483932342892,6.167351656196057],[-75.64938858125878,6.168195487495576],[-75.64923975220785,6.170685917304199],[-75.64970650360013,6.171706634427603],[-75.64911946541227,6.171408781814757],[-75.64894261435842,6.171730355768865]]]]}},{"type":"Feature","properties":{"codigo":"1202","nombre":"Calasanz","comuna":"Comuna 12 La America"},"geometry":{"type":"Polygon","coordinates":[[[-75.596069048154,6.266199026552168],[-75.59776710550993,6.258624284373165],[-75.6004633312388,6.259220786235796],[-75.6009728962425,6.263284374270945],[-75.59968392572061,6.265446217075738],[-75.59821191291114,6.266167267619704],[-75.596069048154,6.266199026552168]]]}},{"type":"Feature","properties":{"codigo":"0404","nombre":"Bermejal-Los Álamos","comuna":"Comuna 04 Aranjuez"},"geometry":{"type":"Polygon","coordinates":[[[-75.56313088847058,6.283223553440914],[-75.56361216611782,6.28173917705159],[-75.56345699256038,6.279025203828415],[-75.56417248666371,6.276722830281992],[-75.5651090925964,6.278273595661787],[-75.56531728440167,6.280309853392162],[-75.56641440530841,6.280897532364556],[-75.56661220122689,6.281536728055921],[-75.56529587078576,6.283749319031663],[-75.56313088847058,6.283223553440914]]]}},{"type":"Feature","properties":{"codigo":"1003","nombre":"Jesús Nazareno","comuna":"Comuna 10 La Candelaria"},"geometry":{"type":"Polygon","coordinates":[[[-75.56426318649662,6.261421944271262],[-75.56602886630913,6.256810265990881],[-75.57094015408659,6.257691694103917],[-75.56773804043911,6.263409697539266],[-75.56748169064097,6.264444191198586],[-75.56639811811681,6.264277564147161],[-75.56681201561135,6.261866063446717],[-75.56426318649662,6.261421944271262]]]}},{"type":"Feature","properties":{"codigo":"0917","nombre":"Ocho de Marzo","comuna":"Comuna 09 Buenos Aires"},"geometry":{"type":"Polygon","coordinates":[[[-75.52829384964336,6.229351268909865],[-75.5278821488295,6.228694821538546],[-75.52788103783934,6.22740184332532],[-75.52864306193104,6.22794418059689],[-75.52942745235833,6.227285047883973],[-75.53020597312833,6.228046277642993],[-75.53103695113481,6.227313002769193],[-75.53214585681206,6.227060436379704],[-75.53192742677814,6.227876614896244],[-75.53123576222312,6.228059632916975],[-75.53068916162965,6.228812200895695],[-75.52981853979863,6.2286155114254],[-75.5298659464902,6.22890367457016],[-75.52942496226656,6.229174852396434],[-75.52829384964336,6.229351268909865]]]}},{"type":"Feature","properties":{"codigo":"1311","nombre":"Belencito","comuna":"Comuna 13 San Javier"},"geometry":{"type":"Polygon","coordinates":[[[-75.6142440033587,6.251420232494779],[-75.61430152193144,6.250565918521968],[-75.6161697457046,6.248767859543726],[-75.61625607355259,6.248084177844306],[-75.61559311401655,6.247225408739317],[-75.61693340775412,6.245620630491579],[-75.61631624228441,6.245382249507911],[-75.61586387821454,6.244342654096485],[-75.61823074898521,6.243658760663125],[-75.6198868714444,6.244281253046381],[-75.61970229628258,6.244883581353434],[-75.62040585603687,6.24516828259918],[-75.61998131426753,6.245797755859607],[-75.61958720006696,6.245793274020173],[-75.61887931647274,6.247531343252643],[-75.61939041176163,6.248564149436252],[-75.61872592784889,6.249534917123445],[-75.61895247656027,6.250877380791388],[-75.6184269544911,6.252517117933967],[-75.61820733187942,6.252751057080066],[-75.61841561258734,6.252000691079194],[-75.61797969015515,6.251784895777867],[-75.61684825545359,6.25289582899295],[-75.61605945803292,6.252960314318431],[-75.6142440033587,6.251420232494779]]]}},{"type":"Feature","properties":{"codigo":"1621","nombre":"Cerro Nutibara","comuna":"Comuna 16 Belen"},"geometry":{"type":"Polygon","coordinates":[[[-75.57669470091622,6.237326063475606],[-75.57770029328036,6.2371113384738],[-75.58009432438007,6.238252630267941],[-75.58048449361581,6.238828941439441],[-75.58103554245895,6.237745220582486],[-75.58193271767988,6.237223119853649],[-75.58263962678501,6.237212930492292],[-75.5830642871784,6.239451527334105],[-75.57751231819049,6.239649411305994],[-75.57669470091622,6.237326063475606]]]}},{"type":"Feature","properties":{"codigo":"1211","nombre":"Simón Bolívar","comuna":"Comuna 12 La America"},"geometry":{"type":"Polygon","coordinates":[[[-75.60236611959135,6.249365597047416],[-75.60276322292013,6.243232847679926],[-75.60800081006387,6.244228042823357],[-75.60928773121066,6.245846161382105],[-75.60789599289323,6.246953705546763],[-75.6067560114939,6.24715606731067],[-75.60480188825056,6.248269295338569],[-75.60384370026475,6.248256930182197],[-75.60236611959135,6.249365597047416]]]}},{"type":"Feature","properties":{"codigo":"0718","nombre":"Cucaracho","comuna":"Comuna 07 Robledo"},"geometry":{"type":"Polygon","coordinates":[[[-75.59971722715267,6.284056812965374],[-75.59887529909429,6.28408850364253],[-75.59867027837822,6.283324610283243],[-75.59773514610113,6.282737044102277],[-75.59748209665266,6.281385532903494],[-75.59667113566931,6.279664529321213],[-75.5969500322546,6.278732233164803],[-75.5982639502213,6.277581780556978],[-75.59910253600182,6.278521924150619],[-75.59936968626724,6.279558152930282],[-75.60013766091585,6.279967180167239],[-75.60141538345806,6.277979364310418],[-75.60287960746258,6.278586099624941],[-75.60432739841373,6.278313662984503],[-75.60580348702706,6.278958810270896],[-75.60664885338527,6.279735085379409],[-75.60907585946424,6.279442921594035],[-75.61034109617749,6.281001897506857],[-75.61079150493406,6.282673928245575],[-75.61047684290342,6.282259457705067],[-75.60909289871083,6.281739587914081],[-75.60867618522404,6.281913646468806],[-75.6055653636373,6.281314956774048],[-75.60472798972086,6.281789631147259],[-75.6044485438746,6.282763743462161],[-75.6039206061444,6.283228225237818],[-75.6044057491476,6.28450174435469],[-75.60236776968965,6.283455465997517],[-75.60163202129546,6.283794524770422],[-75.60124304896024,6.285190146536578],[-75.60084660792198,6.284570910265397],[-75.59971722715267,6.284056812965374]]]}},{"type":"Feature","properties":{"codigo":"Inst_11","nombre":"Universidad de Antioquia","comuna":"Comuna 04 Aranjuez"},"geometry":{"type":"Polygon","coordinates":[[[-75.5708191580107,6.270839024270661],[-75.56630123142428,6.269493995630969],[-75.56748165811634,6.264444185774462],[-75.57208958678339,6.26517380385564],[-75.5708191580107,6.270839024270661]]]}},{"type":"Feature","properties":{"codigo":"1308","nombre":"San Javier No.2","comuna":"Comuna 13 San Javier"},"geometry":{"type":"Polygon","coordinates":[[[-75.61531472819205,6.259619698736292],[-75.61116050310456,6.258271919900774],[-75.61263459930933,6.255951827299732],[-75.61547038301113,6.257532503719593],[-75.6172038387092,6.257453242469209],[-75.61712210184488,6.258926820364787],[-75.61531472819205,6.259619698736292]]]}},{"type":"Feature","properties":{"codigo":"0414","nombre":"Brasilia","comuna":"Comuna 04 Aranjuez"},"geometry":{"type":"Polygon","coordinates":[[[-75.55707623889528,6.27867418931061],[-75.55861925628125,6.269932921067845],[-75.56190090458902,6.270497239969198],[-75.56046605129967,6.278294488553312],[-75.56003164048516,6.278454402454762],[-75.55796781957095,6.277931808532838],[-75.55707623889528,6.27867418931061]]]}},{"type":"Feature","properties":{"codigo":"1107","nombre":"Bolivariana","comuna":"Comuna 11 Laureles Estadio"},"geometry":{"type":"Polygon","coordinates":[[[-75.59226364540872,6.249630584229386],[-75.58743710536645,6.249084973671671],[-75.58777525275723,6.24720796505783],[-75.58911445812551,6.244465308601669],[-75.59058023813917,6.244356764196007],[-75.5916004889618,6.243480939579051],[-75.59188387184511,6.242104539216658],[-75.59154448054691,6.241003895230316],[-75.59375681112469,6.243432247639439],[-75.59318828564325,6.24464593751884],[-75.59228774137797,6.245608772657641],[-75.59250238938071,6.247514009700039],[-75.59226364540872,6.249630584229386]]]}},{"type":"Feature","properties":{"codigo":"0401","nombre":"Berlín","comuna":"Comuna 04 Aranjuez"},"geometry":{"type":"Polygon","coordinates":[[[-75.55264201577026,6.286304404822316],[-75.55283276934703,6.283220817489846],[-75.55796238937752,6.283352513503822],[-75.55772557957084,6.289325677031827],[-75.55577998293595,6.288918795109934],[-75.55457977815603,6.287332217335245],[-75.55392094357178,6.286851328024856],[-75.5530267760122,6.286796817103689],[-75.55264201577026,6.286304404822316]]]}},{"type":"Feature","properties":{"codigo":"1112","nombre":"El Velódromo","comuna":"Comuna 11 Laureles Estadio"},"geometry":{"type":"Polygon","coordinates":[[[-75.59581001656976,6.258194976209934],[-75.594940422021,6.257424334389312],[-75.59327458976212,6.254747354360303],[-75.59218592493445,6.254027569587264],[-75.59298537344101,6.252222860398075],[-75.59462836084607,6.249912980682222],[-75.59687167754171,6.250119660796478],[-75.59641288711653,6.254978853017412],[-75.59892325313406,6.254350411438193],[-75.59776710550993,6.258624284373165],[-75.59581001656976,6.258194976209934]]]}},{"type":"Feature","properties":{"codigo":"1209","nombre":"Santa Mónica","comuna":"Comuna 12 La America"},"geometry":{"type":"Polygon","coordinates":[[[-75.60909380888025,6.249869115514628],[-75.61216912601233,6.24671153782531],[-75.61270541256256,6.245338495029412],[-75.61516206756863,6.244637657197894],[-75.61563801550416,6.244233061045172],[-75.61631624228441,6.245382249507911],[-75.61693340775412,6.245620630491579],[-75.61559311401655,6.247225408739317],[-75.61625607355259,6.248084177844306],[-75.6161697457046,6.248767859543726],[-75.61430152193144,6.250565918521968],[-75.6142440033587,6.251420232494779],[-75.61228234350507,6.250180747799674],[-75.6105840346533,6.251706441202348],[-75.60909380888025,6.249869115514628]]]}},{"type":"Feature","properties":{"codigo":"1603","nombre":"Belén","comuna":"Comuna 16 Belen"},"geometry":{"type":"Polygon","coordinates":[[[-75.593638228515,6.231478692816999],[-75.59622643199879,6.231385899422881],[-75.59615461464159,6.229289678618849],[-75.59866090527892,6.228628466794621],[-75.59875647812665,6.231269364898771],[-75.60570238834761,6.231046299216147],[-75.60632646662839,6.23349279120302],[-75.605222128682,6.234321188348591],[-75.60315558889481,6.233908864995796],[-75.60137421577792,6.233992603076795],[-75.60011109988223,6.233005026242231],[-75.59785885918984,6.233471863272227],[-75.59551471871988,6.23661576084483],[-75.59402573387646,6.235125312998104],[-75.59376432698164,6.235382974793822],[-75.593638228515,6.231478692816999]]]}},{"type":"Feature","properties":{"codigo":"0306","nombre":"El Pomar","comuna":"Comuna 03 Manrique"},"geometry":{"type":"Polygon","coordinates":[[[-75.54905403257231,6.269729652404909],[-75.54911166609416,6.268669677873376],[-75.54966687891991,6.268090293172144],[-75.54962127092976,6.267594128156519],[-75.55048140766199,6.267657927591014],[-75.55095452407573,6.267263438587126],[-75.55165720954444,6.267620836582414],[-75.5526951976622,6.266829642335177],[-75.55512394635795,6.266638549552478],[-75.5547215220023,6.269445060562833],[-75.55106253938585,6.269269796029817],[-75.55062378796538,6.269612183085762],[-75.54905403257231,6.269729652404909]]]}},{"type":"Feature","properties":{"codigo":"0312","nombre":"Oriente","comuna":"Comuna 03 Manrique"},"geometry":{"type":"Polygon","coordinates":[[[-75.53779402732692,6.279451352229175],[-75.53689818771572,6.278899243553631],[-75.53643843669313,6.277155630827207],[-75.5360234579625,6.276971481817544],[-75.53653936618026,6.275759868501386],[-75.53487736277737,6.275027396740541],[-75.53798193264956,6.274735469650007],[-75.53909746679754,6.274086675026122],[-75.54024772091603,6.273854789912815],[-75.54176419112919,6.272397047158837],[-75.54272520252937,6.272456164531505],[-75.54405048563214,6.271988391754238],[-75.54378448789139,6.272896930252574],[-75.54414749701021,6.274390857011634],[-75.54379117429285,6.274812344713854],[-75.54395962318867,6.275431544941017],[-75.5389686000735,6.279132597814641],[-75.53850581787978,6.278989261596442],[-75.53779402732692,6.279451352229175]]]}},{"type":"Feature","properties":{"codigo":"0201","nombre":"La Isla","comuna":"Comuna 02 Santa Cruz"},"geometry":{"type":"Polygon","coordinates":[[[-75.54590056839116,6.305657946526809],[-75.54495719606777,6.304433712975599],[-75.54420031028118,6.304322233626364],[-75.54426302768708,6.303893883795884],[-75.54621199759058,6.304331208976114],[-75.5471064477797,6.303578257684481],[-75.54828353916105,6.304346430856285],[-75.54827426742978,6.303485197540196],[-75.54875601698838,6.302587854838586],[-75.54873310375659,6.300564962593364],[-75.54951062469087,6.300509178418787],[-75.55043566056182,6.301483631779649],[-75.55110803101478,6.301713199006877],[-75.55253089252719,6.301717538810298],[-75.55173711344925,6.303978640545371],[-75.5517345713922,6.305501852064602],[-75.54907915511535,6.304029899382852],[-75.54933967479563,6.304835278322011],[-75.54887904663642,6.305212341020169],[-75.54612932433162,6.305142402765274],[-75.54590056839116,6.305657946526809]]]}},{"type":"Feature","properties":{"codigo":"0817","nombre":"La Sierra","comuna":"Comuna 08 Vista Hermosa"},"geometry":{"type":"Polygon","coordinates":[[[-75.52773678395046,6.236241994003469],[-75.52658217454474,6.235678014067842],[-75.52590956147101,6.235607918210557],[-75.52517573138361,6.234844048558748],[-75.52480949503153,6.23518954893769],[-75.52530840103553,6.234082209033105],[-75.52503033669454,6.232890434725253],[-75.52561437650145,6.232821873941012],[-75.52630587859122,6.232204243985065],[-75.53024912441666,6.231622578207229],[-75.53113953090138,6.23157292050381],[-75.53203722706255,6.232245356763051],[-75.53116148771163,6.232471303613156],[-75.5309999607947,6.233113154861261],[-75.53040487956025,6.232730028554985],[-75.529616566665,6.234162862107496],[-75.5282297804664,6.235182054694991],[-75.52773678395046,6.236241994003469]]]}},{"type":"Feature","properties":{"codigo":"0313","nombre":"María Cano-Carambolas","comuna":"Comuna 03 Manrique"},"geometry":{"type":"Polygon","coordinates":[[[-75.54021117442817,6.285846985872647],[-75.53782621323408,6.286009077350422],[-75.53699830335407,6.285156627406244],[-75.5361693429105,6.284975770536895],[-75.53735367310692,6.283473555677767],[-75.53742741027551,6.282020033445912],[-75.53871309166917,6.281712303095511],[-75.53930945716621,6.280086139766308],[-75.5389686000735,6.279132597814641],[-75.54182669026716,6.277013456002329],[-75.54192860873457,6.278557493748032],[-75.54149283923908,6.279716597085375],[-75.54214540953235,6.280111297381235],[-75.54232441815543,6.281317903703219],[-75.54176761467023,6.282062570658554],[-75.54151166556211,6.285034557306931],[-75.54034446008671,6.285446959699979],[-75.54021117442817,6.285846985872647]]]}},{"type":"Feature","properties":{"codigo":"0706","nombre":"La Pilarica","comuna":"Comuna 07 Robledo"},"geometry":{"type":"Polygon","coordinates":[[[-75.58684257698988,6.280857564534198],[-75.58655118537753,6.279701522421508],[-75.5860959310336,6.279311801992941],[-75.58610242536072,6.27846502271214],[-75.5845273469498,6.277710208702002],[-75.58390095013318,6.277876966983295],[-75.5836780727056,6.277235112633074],[-75.58221743072941,6.275621458330866],[-75.5823208019716,6.274817872011547],[-75.58194183607746,6.273633234928143],[-75.58333269698592,6.273530989823256],[-75.58541986138412,6.272707019839492],[-75.58606826035262,6.274804145172554],[-75.58607893669745,6.27616640597581],[-75.58738039923217,6.276458849730393],[-75.59023734190747,6.275994970340512],[-75.58931278190039,6.277595666225222],[-75.58768636366149,6.278811072247701],[-75.58684257698988,6.280857564534198]]]}},{"type":"Feature","properties":{"codigo":"1313","nombre":"El Corazón","comuna":"Comuna 13 San Javier"},"geometry":{"type":"Polygon","coordinates":[[[-75.63189698156218,6.249279461672632],[-75.63070639790605,6.248266641496068],[-75.6299323886428,6.248214661024373],[-75.6301032522137,6.248572038697078],[-75.62828563064102,6.248064861615172],[-75.62666908170162,6.24808538505946],[-75.62439633783825,6.24727652461165],[-75.62265614887076,6.247425871916636],[-75.6218424935412,6.247265490389771],[-75.6208977858509,6.246525410145454],[-75.62145785272865,6.246025876640405],[-75.62215637170262,6.246690268768805],[-75.62279039552028,6.246104843100201],[-75.6236401195913,6.245875553897126],[-75.62413820053253,6.246354439807699],[-75.62549447757111,6.246063928815354],[-75.62635135195913,6.24645477299552],[-75.62716039261704,6.245483651379174],[-75.62829214386618,6.245417708832155],[-75.62869825904622,6.246146799301444],[-75.63053044093455,6.246542439112106],[-75.63141921764634,6.247788243916041],[-75.63120284917223,6.248340571803021],[-75.63242251433361,6.248872104908049],[-75.63189698156218,6.249279461672632]]]}},{"type":"Feature","properties":{"codigo":"1011","nombre":"Calle Nueva","comuna":"Comuna 10 La Candelaria"},"geometry":{"type":"Polygon","coordinates":[[[-75.56987857855813,6.244333504311281],[-75.57246567223304,6.238128442481442],[-75.57553781401998,6.239348851681025],[-75.57536790343391,6.242477933765705],[-75.57250240567691,6.242232746405111],[-75.57148608986101,6.245000220201685],[-75.56987857855813,6.244333504311281]]]}},{"type":"Feature","properties":{"codigo":"0204","nombre":"La Frontera","comuna":"Comuna 02 Santa Cruz"},"geometry":{"type":"Polygon","coordinates":[[[-75.55714073653914,6.306948427480768],[-75.55558705789865,6.306683536532288],[-75.55555739903635,6.30690497751295],[-75.55285104720326,6.306136182932943],[-75.5517345713922,6.305501852064602],[-75.55297252759533,6.304222192182733],[-75.5541604345795,6.3045428866772],[-75.55532575108171,6.302744670626788],[-75.55694808471577,6.303569582842305],[-75.55714073653914,6.306948427480768]]]}},{"type":"Feature","properties":{"codigo":"0504","nombre":"Tejelo","comuna":"Comuna 05 Castilla"},"geometry":{"type":"Polygon","coordinates":[[[-75.5680832771186,6.308896250998553],[-75.56648215454348,6.308781847748751],[-75.5665724526109,6.308588607675715],[-75.56466972174434,6.307749944231636],[-75.5661185752797,6.306459721129619],[-75.56659198689908,6.305486183515455],[-75.56722002817175,6.301136074550509],[-75.56964641620543,6.300153601359334],[-75.57012190626826,6.300350732190778],[-75.56875098185286,6.30314532672337],[-75.56909514085528,6.304894930525056],[-75.57158772153736,6.304874155693185],[-75.57155033991722,6.305737657428245],[-75.57203302533168,6.305746631827611],[-75.57193782997781,6.308217941894625],[-75.57150799937742,6.309860484801015],[-75.5680832771186,6.308896250998553]]]}},{"type":"Feature","properties":{"codigo":"1111","nombre":"Lorena","comuna":"Comuna 11 Laureles Estadio"},"geometry":{"type":"Polygon","coordinates":[[[-75.59687167754171,6.250119660796478],[-75.59226364540872,6.249630584229386],[-75.5924939172896,6.247450727702615],[-75.59755533773455,6.24803244022164],[-75.59897531725481,6.24666727238007],[-75.59942295170136,6.244637694742334],[-75.60265663661842,6.245209293727887],[-75.60227416241835,6.250586045290435],[-75.59945545784167,6.25007544216833],[-75.59687167754171,6.250119660796478]]]}},{"type":"Feature","properties":{"codigo":"0205","nombre":"La Francia","comuna":"Comuna 02 Santa Cruz"},"geometry":{"type":"Polygon","coordinates":[[[-75.55694808471577,6.303569582842305],[-75.55244498262138,6.301677913335611],[-75.55046484673143,6.301498548442515],[-75.54951062469087,6.300509178418787],[-75.54873310375659,6.300564962593364],[-75.55022314878359,6.297842022470625],[-75.55024927175096,6.297213985053602],[-75.55065280665642,6.297104873319538],[-75.55084034543047,6.296597103686094],[-75.55157640766176,6.297610797397522],[-75.55303276852976,6.298694330896332],[-75.55366398034185,6.298793802580826],[-75.55391574444324,6.29936060778006],[-75.5567777409437,6.299879846541629],[-75.55795711460706,6.300620669632457],[-75.55694808471577,6.303569582842305]]]}},{"type":"Feature","properties":{"codigo":"Inst_1","nombre":"Plaza de Ferias","comuna":"Comuna 05 Castilla"},"geometry":{"type":"Polygon","coordinates":[[[-75.56067594170288,6.303900266611564],[-75.55962162728355,6.303826562822283],[-75.55967980477273,6.302998246650882],[-75.55998757509079,6.302254687164541],[-75.56074934784509,6.302217407289075],[-75.56047605346562,6.301056854934611],[-75.56072963879386,6.298410311772233],[-75.56122715351701,6.296675711244696],[-75.56205789380233,6.295570831787783],[-75.56520769197948,6.297796647230303],[-75.56603657639866,6.298865515199373],[-75.56424425056007,6.30078681925565],[-75.56314655204257,6.302592623395511],[-75.56067594170288,6.303900266611564]]]}},{"type":"Feature","properties":{"codigo":"0908","nombre":"Miraflores","comuna":"Comuna 09 Buenos Aires"},"geometry":{"type":"Polygon","coordinates":[[[-75.55199794221724,6.24039393738172],[-75.54762216640002,6.238163085991231],[-75.54787857325934,6.236421704907525],[-75.54592224030046,6.234389813166146],[-75.54644624110892,6.233601067675944],[-75.550038852886,6.235542612181398],[-75.55186539664943,6.235828572968588],[-75.55370433523899,6.23718919426444],[-75.55199794221724,6.24039393738172]]]}},{"type":"Feature","properties":{"codigo":"1017","nombre":"Los Ángeles","comuna":"Comuna 10 La Candelaria"},"geometry":{"type":"Polygon","coordinates":[[[-75.55476319918998,6.251657119733818],[-75.55499302930271,6.25081298668763],[-75.55474743976703,6.249677290951499],[-75.55676544753224,6.249993749950748],[-75.5573650818021,6.250512450870287],[-75.55794553364744,6.250345215434059],[-75.56037288799338,6.252055006854365],[-75.55990196683513,6.252744323627287],[-75.56217518799684,6.254707233019789],[-75.56152188769876,6.255329876688897],[-75.56122319467552,6.255107254768784],[-75.56074267251732,6.255829342968974],[-75.55476319918998,6.251657119733818]]]}},{"type":"Feature","properties":{"codigo":"1416","nombre":"Alejandría","comuna":"Comuna 14 El Poblado"},"geometry":{"type":"Polygon","coordinates":[[[-75.56452956758073,6.200458542520436],[-75.5660409797709,6.195986976523881],[-75.56742250601673,6.196920394841897],[-75.56921335824735,6.19705825986519],[-75.57328740295155,6.199841529184719],[-75.5717257859817,6.203462193791053],[-75.56452956758073,6.200458542520436]]]}},{"type":"Feature","properties":{"codigo":"1305","nombre":"Metropolitano","comuna":"Comuna 13 San Javier"},"geometry":{"type":"Polygon","coordinates":[[[-75.60780308085145,6.265333793285594],[-75.6065793156376,6.263142739456161],[-75.60744092161585,6.262435272408633],[-75.60767414287332,6.262700813680539],[-75.6080750127884,6.262272498463203],[-75.6087464012661,6.2625244468373],[-75.60907725717301,6.262133427744109],[-75.6113838511618,6.264284761991019],[-75.60780308085145,6.265333793285594]]]}},{"type":"Feature","properties":{"codigo":"1115","nombre":"Cuarta Brigada","comuna":"Comuna 11 Laureles Estadio"},"geometry":{"type":"Polygon","coordinates":[[[-75.58643775066166,6.264344685961022],[-75.58458098605075,6.261288361157406],[-75.58609471807584,6.258498246420779],[-75.59175203418656,6.261169435786464],[-75.59043144147503,6.264078212401037],[-75.58772499448027,6.262313199286954],[-75.58644103027713,6.263817327027361],[-75.58643775066166,6.264344685961022]]]}},{"type":"Feature","properties":{"codigo":"1109","nombre":"Las Acacias","comuna":"Comuna 11 Laureles Estadio"},"geometry":{"type":"Polygon","coordinates":[[[-75.59942295170136,6.244637694742334],[-75.59959561154743,6.242668026149716],[-75.59843755195698,6.242595771051276],[-75.59834812942432,6.238896026364602],[-75.60023454115682,6.238841673858646],[-75.59984996262278,6.237709397413113],[-75.60308299740969,6.237618789879387],[-75.60265663661842,6.245209293727887],[-75.59942295170136,6.244637694742334]]]}},{"type":"Feature","properties":{"codigo":"1410","nombre":"Los Naranjos","comuna":"Comuna 14 El Poblado"},"geometry":{"type":"Polygon","coordinates":[[[-75.55764956656303,6.198932893379481],[-75.55697378692687,6.197668364269937],[-75.55647298713514,6.198370108777075],[-75.55551658155046,6.198510211380722],[-75.5547222234975,6.19809094647192],[-75.55245261216851,6.197777860998855],[-75.55161813802182,6.198197308023747],[-75.55200940878345,6.196747325190374],[-75.55349394133741,6.194669300676744],[-75.55355686222187,6.193549503564401],[-75.55412217572655,6.193395667766168],[-75.55392831899948,6.192823393982013],[-75.55451656342943,6.19245625492145],[-75.55403361533538,6.191298473906613],[-75.55408301808421,6.190622864020986],[-75.55508709981112,6.191795493969863],[-75.5572132844267,6.192146985554532],[-75.55780157893125,6.191863356248329],[-75.55804320700449,6.192374139412255],[-75.55857899964158,6.191835119924586],[-75.55993905527056,6.192341401324172],[-75.56325931280071,6.193934802359151],[-75.5660409797709,6.195986976523881],[-75.56452956758073,6.200458542520436],[-75.56047699188689,6.199468581930741],[-75.55965948379315,6.198861736663654],[-75.55942460501157,6.199633551228207],[-75.55966227620155,6.200773767089914],[-75.5590062431578,6.199902494255037],[-75.55764956656303,6.198932893379481]]]}},{"type":"Feature","properties":{"codigo":"0713","nombre":"Aures No.1","comuna":"Comuna 07 Robledo"},"geometry":{"type":"Polygon","coordinates":[[[-75.59733824310892,6.294025011547278],[-75.59606126176979,6.293474933829295],[-75.5953896753758,6.292762412392674],[-75.59425486663673,6.29236243695897],[-75.59268000315382,6.290742491155746],[-75.59184058181042,6.289017640911376],[-75.59034258188643,6.287835983608146],[-75.59021128639108,6.287416336148528],[-75.59037336062858,6.286222396599144],[-75.5918147973692,6.283039567987696],[-75.59386537125012,6.280239853882973],[-75.59445943803976,6.280535509909278],[-75.59523154291381,6.281787413888351],[-75.59576669479898,6.282116742125557],[-75.59612609728728,6.285702803027553],[-75.59668900946767,6.286467582444986],[-75.59662221017115,6.287556039394031],[-75.59779013886639,6.289204924238816],[-75.59923829701488,6.290308128264057],[-75.59963506206428,6.291183956508727],[-75.59942372256062,6.291566119902612],[-75.59962312201348,6.292119834991492],[-75.59907549805575,6.291859226452681],[-75.5977116089142,6.292328622392147],[-75.59717001078798,6.293276651644925],[-75.59733824310892,6.294025011547278]]]}},{"type":"Feature","properties":{"codigo":"0909","nombre":"Cataluña","comuna":"Comuna 09 Buenos Aires"},"geometry":{"type":"Polygon","coordinates":[[[-75.55278008259526,6.23591561303429],[-75.550038852886,6.235542612181398],[-75.54885825409423,6.234804654515686],[-75.5486917640067,6.232848549193566],[-75.54899844272612,6.230357952153169],[-75.54817016882987,6.229860703520831],[-75.54848693814164,6.229354458066242],[-75.54794153693092,6.228895640742345],[-75.54874897315509,6.227910275765522],[-75.54806920584038,6.227153123827056],[-75.54744983217822,6.226981333598558],[-75.54757406516212,6.226524802198945],[-75.54831596081515,6.226661565165335],[-75.54884614190507,6.226389761253883],[-75.54887998071041,6.22742436450931],[-75.54867666386514,6.228952170484699],[-75.54884460065149,6.229487101111156],[-75.54973555998468,6.229634473790187],[-75.55094726343631,6.229038485195609],[-75.55173032131218,6.226099871039357],[-75.55186229191166,6.226730167956786],[-75.55316494715802,6.227409588290053],[-75.55393869433215,6.22739559577002],[-75.55402288792892,6.227106877842825],[-75.55410672276194,6.227395149916479],[-75.55445362311428,6.227348149073754],[-75.55511320927936,6.226617388484272],[-75.55422453862286,6.23025528340364],[-75.55301959322976,6.232110775518946],[-75.553130205216,6.233943703541883],[-75.55355140568864,6.234178764431347],[-75.55278008259526,6.23591561303429]]]}},{"type":"Feature","properties":{"codigo":"SN02","nombre":"Sin Nombre","comuna":""},"geometry":{"type":"MultiPolygon","coordinates":[[[[-75.5251657697253,6.233531787570634],[-75.52530840103553,6.234082209033105],[-75.52513013482474,6.234203156359468],[-75.5249389038789,6.233724705158767],[-75.5251657697253,6.233531787570634]]],[[[-75.55841878940247,6.179698685157488],[-75.5562617103662,6.179697029969877],[-75.55681409226003,6.179337064831925],[-75.55791279655045,6.176932341030875],[-75.55883710519409,6.177338713007895],[-75.55841878940247,6.179698685157488]]],[[[-75.55988901242922,6.176532685333587],[-75.55984022371942,6.176623178501804],[-75.55986184958698,6.176560908624663],[-75.55988901242922,6.176532685333587]]],[[[-75.55966447243054,6.17674271395455],[-75.55945457079774,6.177182407567028],[-75.55892871527915,6.177283874351043],[-75.5591723853952,6.176638373354426],[-75.55966447243054,6.17674271395455]]],[[[-75.58451990503542,6.302947939234427],[-75.58432432897709,6.302481067396561],[-75.58504345596943,6.302593497092369],[-75.58483839762802,6.30287445533523],[-75.58451990503542,6.302947939234427]]],[[[-75.58628241974654,6.299597289240425],[-75.58599929367784,6.300106976616023],[-75.58610112844262,6.299496109479209],[-75.58628241974654,6.299597289240425]]],[[[-75.58654900661692,6.309873803592579],[-75.58660007915412,6.309460043255836],[-75.58696522110043,6.30950454493051],[-75.5868581481807,6.309828616388978],[-75.58654900661692,6.309873803592579]]],[[[-75.59301565756542,6.295728812463095],[-75.5928046261928,6.295762758968181],[-75.59290883325794,6.295613123805907],[-75.59301565756542,6.295728812463095]]],[[[-75.60465824508606,6.212375536637739],[-75.60472463052629,6.212907262457099],[-75.60417943704432,6.212119724767319],[-75.60478761728112,6.211671201383092],[-75.60447174787295,6.211231547242192],[-75.60505651271215,6.210965765224754],[-75.60497664828573,6.211810804792076],[-75.60439244508906,6.212413335850865],[-75.60465824508606,6.212375536637739]]],[[[-75.60528619911825,6.212803985626584],[-75.60559923763772,6.213320323598305],[-75.60552202220225,6.213408502323446],[-75.60501967871585,6.21300545873757],[-75.60528619911825,6.212803985626584]]],[[[-75.60543013227121,6.215030234636056],[-75.60531252491735,6.21516763826214],[-75.60504300629624,6.214575552937961],[-75.60543013227121,6.215030234636056]]],[[[-75.61161521781818,6.223488609374126],[-75.61105257057316,6.223147955543481],[-75.61132360162826,6.222822689505308],[-75.61189850576392,6.223070325322037],[-75.61161521781818,6.223488609374126]]],[[[-75.6231253674108,6.245631257919966],[-75.62312298227371,6.245172628550432],[-75.62362424533124,6.24530718552475],[-75.6231253674108,6.245631257919966]]],[[[-75.62885507268886,6.279482176140487],[-75.62826737598496,6.27927913645205],[-75.62845139124849,6.278730662717052],[-75.630122270368,6.278519819841911],[-75.63065194536867,6.278811641183753],[-75.63039860236017,6.279142641561811],[-75.62911510808058,6.279011233840232],[-75.62885507268886,6.279482176140487]]],[[[-75.63121525013543,6.280842395995889],[-75.63201889044534,6.280329270847297],[-75.6326404212923,6.280304930687064],[-75.63276194809785,6.280447604162721],[-75.63167587028755,6.280705157456414],[-75.63129311370761,6.281505193885481],[-75.63121525013543,6.280842395995889]]],[[[-75.63487800754227,6.280596391841536],[-75.63427792943591,6.280679219080699],[-75.6342817042105,6.279969577630848],[-75.63382858881528,6.279982718146859],[-75.63352407846979,6.279418781623088],[-75.63452004290761,6.279673855090436],[-75.63469728411991,6.280091602050151],[-75.6362615683462,6.280190058683941],[-75.63647415843188,6.280701311104349],[-75.63569787934523,6.281165292687784],[-75.63487800754227,6.280596391841536]]],[[[-75.66217107667413,6.187209757933777],[-75.6618923063555,6.187003936236035],[-75.66123452943144,6.186157587894146],[-75.66018420672434,6.185589722804602],[-75.66086015690689,6.185297873638985],[-75.66034921135484,6.185053457547876],[-75.6602299490855,6.184695861660765],[-75.6608524904671,6.18318891175757],[-75.66098235786808,6.183181557362491],[-75.66106763216307,6.183145679225204],[-75.66108662875283,6.183144239253813],[-75.6611099092908,6.183145001673276],[-75.66111026260857,6.183145660660925],[-75.66045206531524,6.184925478184724],[-75.66132180629643,6.18536091254747],[-75.66093797246032,6.185895782063271],[-75.66167096920982,6.185990195363417],[-75.66148335336504,6.18638608170988],[-75.66192609466847,6.186420755368207],[-75.66217107667413,6.187209757933777]]]]}},{"type":"Feature","properties":{"codigo":"0112","nombre":"Carpinelo","comuna":"Comuna 01 Popular"},"geometry":{"type":"Polygon","coordinates":[[[-75.53963648203134,6.292488254948434],[-75.53749175756096,6.292005434098507],[-75.53624528802573,6.29107077415847],[-75.53682704725404,6.290803301132249],[-75.53614023977869,6.289494901744299],[-75.53693370490018,6.288832585267246],[-75.53680679892086,6.288577767569224],[-75.53613562503737,6.288583801757718],[-75.5361693429105,6.284975770536895],[-75.53699830335407,6.285156627406244],[-75.53782621323408,6.286009077350422],[-75.53927113649797,6.286130290541963],[-75.53983210475552,6.285878774917804],[-75.54039597396206,6.286836581020622],[-75.54102219271928,6.286535815630995],[-75.54138534867002,6.286702826640538],[-75.54152903448701,6.287138658514924],[-75.54096534362655,6.287445338927282],[-75.54058211673974,6.288216447550636],[-75.54101400978047,6.288396897036258],[-75.5413923571506,6.289741516851033],[-75.54116318331636,6.290872355483407],[-75.54049526957583,6.29220486096746],[-75.53963648203134,6.292488254948434]]]}},{"type":"Feature","properties":{"codigo":"0206","nombre":"Andalucía","comuna":"Comuna 02 Santa Cruz"},"geometry":{"type":"Polygon","coordinates":[[[-75.55795711460706,6.300620669632457],[-75.55599768568717,6.299659896599131],[-75.55529813369793,6.299800274436038],[-75.55391574444324,6.29936060778006],[-75.55366398034185,6.298793802580826],[-75.55303276852976,6.298694330896332],[-75.55157640766176,6.297610797397522],[-75.55084473753564,6.29659303921258],[-75.5513198320985,6.296626066636965],[-75.55217484326485,6.29542225117852],[-75.55266220551374,6.295385130924054],[-75.55489498344113,6.297028870043418],[-75.5580914583712,6.29758753970837],[-75.55880258087444,6.298520643450801],[-75.55795711460706,6.300620669632457]]]}},{"type":"Feature","properties":{"codigo":"1110","nombre":"La Castellana","comuna":"Comuna 11 Laureles Estadio"},"geometry":{"type":"Polygon","coordinates":[[[-75.60276716161228,6.243028310184625],[-75.60308299740969,6.237618789879387],[-75.61154220442542,6.237662234507612],[-75.61234242579094,6.239445370422805],[-75.61369420673051,6.240310859167626],[-75.615342998944,6.240202354585758],[-75.6159665538269,6.241081433044604],[-75.61655424812231,6.241015773493271],[-75.61664749979451,6.240717668146178],[-75.61749593335043,6.241186304820033],[-75.61570383928392,6.241591023173245],[-75.61380725059374,6.241575370178482],[-75.61294119359475,6.242560838488282],[-75.60781769581604,6.241925036685755],[-75.6074547468079,6.243370383679666],[-75.60678007223068,6.244173891288415],[-75.60276716161228,6.243028310184625]]]}},{"type":"Feature","properties":{"codigo":"0405","nombre":"Moravia","comuna":"Comuna 04 Aranjuez"},"geometry":{"type":"Polygon","coordinates":[[[-75.56408222570956,6.285169704207279],[-75.56519196658101,6.284451352004678],[-75.56548249688942,6.283144460101132],[-75.56627519243507,6.282436345947341],[-75.56662169664446,6.281454335013231],[-75.56641440530841,6.280897532364556],[-75.56531728440167,6.280309853392162],[-75.5651090925964,6.278273595661787],[-75.56417248666371,6.276722830281992],[-75.56498896851683,6.272195291172731],[-75.56554221694643,6.272319013228437],[-75.56852969065488,6.275505630122828],[-75.56969136738878,6.275840290794393],[-75.56801210686477,6.284052819110872],[-75.56651549581805,6.285234124652163],[-75.56545307276299,6.284774683159542],[-75.56408222570956,6.285169704207279]]]}},{"type":"Feature","properties":{"codigo":"Inst_15","nombre":"U.P.B","comuna":"Comuna 11 Laureles Estadio"},"geometry":{"type":"Polygon","coordinates":[[[-75.58911445812551,6.244465308601669],[-75.58784174730688,6.243643818393505],[-75.58600272736048,6.24314553620302],[-75.58991658443685,6.239220761984272],[-75.59154448054691,6.241003895230316],[-75.59182180120595,6.242970152058851],[-75.5907400248651,6.244270874532234],[-75.58911445812551,6.244465308601669]]]}},{"type":"Feature","properties":{"codigo":"Inst_18","nombre":"Cerro Nutibara","comuna":"Comuna 16 Belen"},"geometry":{"type":"Polygon","coordinates":[[[-75.57669470091622,6.237326063475606],[-75.57570374284923,6.234268190229879],[-75.57562747804518,6.231343647678441],[-75.57650433386374,6.231603543924142],[-75.57686626705414,6.23244654831781],[-75.58270445113145,6.233299600732513],[-75.58263962678501,6.237212930492292],[-75.58193271767988,6.237223119853649],[-75.58103554245895,6.237745220582486],[-75.5805872551165,6.238783737786902],[-75.57995994158051,6.238172400756376],[-75.57770029328036,6.2371113384738],[-75.57669470091622,6.237326063475606]]]}},{"type":"Feature","properties":{"codigo":"0610","nombre":"Mirador del Doce","comuna":"Comuna 06 Doce de Octubre"},"geometry":{"type":"Polygon","coordinates":[[[-75.5844987619654,6.305195190215431],[-75.58199167792276,6.304061841793247],[-75.58279279889419,6.301265566391088],[-75.58459294321302,6.30238904261622],[-75.58385519351638,6.303158585742493],[-75.58391944083114,6.30430229822165],[-75.5844987619654,6.305195190215431]]]}},{"type":"Feature","properties":{"codigo":"1620","nombre":"El Nogal-Los Almendros","comuna":"Comuna 16 Belen"},"geometry":{"type":"Polygon","coordinates":[[[-75.59420600277701,6.238255514601562],[-75.59757825181727,6.233636865026503],[-75.59822981239695,6.233432291452468],[-75.59829207217346,6.236095791573512],[-75.5993852124087,6.236620066360431],[-75.60023454115682,6.238841673858646],[-75.58991658443685,6.239220761984272],[-75.59061047910926,6.238478297130757],[-75.59420600277701,6.238255514601562]]]}},{"type":"Feature","properties":{"codigo":"0612","nombre":"El Triunfo","comuna":"Comuna 06 Doce de Octubre"},"geometry":{"type":"Polygon","coordinates":[[[-75.58646766864746,6.310038751911952],[-75.58385055238958,6.309010649096688],[-75.58385340986702,6.307880793400462],[-75.58424398932772,6.307456520300358],[-75.584000724393,6.306231657498653],[-75.58439923114783,6.305158618061975],[-75.58561826880685,6.305268670242691],[-75.58600008341624,6.306253588451587],[-75.58563162951707,6.306750913421116],[-75.5869229569868,6.307596844778634],[-75.58625603033688,6.309105449164216],[-75.58651512336043,6.30933849965177],[-75.58646766864746,6.310038751911952]]]}},{"type":"Feature","properties":{"codigo":"0808","nombre":"Enciso","comuna":"Comuna 08 Vista Hermosa"},"geometry":{"type":"Polygon","coordinates":[[[-75.54604028596519,6.246834945234556],[-75.54883692494602,6.246697190554162],[-75.54953931954667,6.246992156230657],[-75.5515624189314,6.246567329628658],[-75.55426753581713,6.248265859395291],[-75.55385023653898,6.249497589770476],[-75.55474743976703,6.249677290951499],[-75.55477847330718,6.250545162068258],[-75.55304446324325,6.250731569460218],[-75.55215742373453,6.25046259452318],[-75.55109080235646,6.251066001426429],[-75.55090219365032,6.251664916322431],[-75.55027600840107,6.251647943879599],[-75.54950581799702,6.252268309291602],[-75.54866902027018,6.252307829903303],[-75.54765602917799,6.252973383803819],[-75.54835395637792,6.252157523063181],[-75.54904620796334,6.252087486102671],[-75.54915125105204,6.251540551233695],[-75.54831392192492,6.250703160327788],[-75.54840768765324,6.249759581492139],[-75.5477724654004,6.24989629210479],[-75.54771269759404,6.247736784804038],[-75.54604028596519,6.246834945234556]]]}},{"type":"Feature","properties":{"codigo":"0605","nombre":"La Esperanza","comuna":"Comuna 06 Doce de Octubre"},"geometry":{"type":"Polygon","coordinates":[[[-75.57352368251603,6.295838334975628],[-75.57603472801517,6.288299919487645],[-75.57826981619483,6.289066773279736],[-75.57853839499437,6.288912815360257],[-75.57935448292888,6.289534896695689],[-75.57921376124722,6.290726110994917],[-75.57968847610923,6.290876205626561],[-75.57755832911079,6.297184062831323],[-75.57352368251603,6.295838334975628]]]}},{"type":"Feature","properties":{"codigo":"0815","nombre":"Las Estancias","comuna":"Comuna 08 Vista Hermosa"},"geometry":{"type":"Polygon","coordinates":[[[-75.53551110016845,6.235886571708102],[-75.53492167957225,6.235170089378237],[-75.53545076734416,6.23456216122465],[-75.53480656947589,6.234015182010582],[-75.53408555684378,6.233889700978507],[-75.53240521592524,6.234347255567587],[-75.53156567454185,6.233630752198231],[-75.52976452536788,6.233767359033282],[-75.53040487956025,6.232730028554985],[-75.5309999607947,6.233113154861261],[-75.53116148771163,6.232471303613156],[-75.53205980043687,6.23240582402563],[-75.53115195152851,6.231577441539812],[-75.52630587859122,6.232204243985065],[-75.52703457562116,6.231589990580836],[-75.5274383758244,6.231898107296177],[-75.52819042048802,6.231661362795081],[-75.52867455236179,6.231098251021924],[-75.52807545097328,6.231122162313652],[-75.52697312336625,6.230607275752616],[-75.52639093406819,6.229938409623024],[-75.52547262596708,6.229777937435085],[-75.52685026497055,6.22983007918692],[-75.52736063190068,6.230416609840885],[-75.52835884783347,6.230771518859498],[-75.52952651414301,6.230246137513358],[-75.53168619143985,6.229973952263217],[-75.53359734926383,6.231021627863766],[-75.5342550605352,6.232071478116229],[-75.53496138826576,6.232234249169003],[-75.5360291154636,6.231680595346496],[-75.53831068172312,6.232668385330486],[-75.53691996407652,6.233680820375178],[-75.53672287556762,6.234289899742837],[-75.53625479039282,6.234533960323584],[-75.53644787257711,6.234836822411904],[-75.53623384865628,6.235362278000784],[-75.53551110016845,6.235886571708102]]]}},{"type":"Feature","properties":{"codigo":"0203","nombre":"Pablo VI","comuna":"Comuna 02 Santa Cruz"},"geometry":{"type":"Polygon","coordinates":[[[-75.5517345713922,6.305501852064602],[-75.55253089252719,6.301717538810298],[-75.55372009441717,6.302385823773608],[-75.55532575108171,6.302744670626788],[-75.5541604345795,6.3045428866772],[-75.55297252759533,6.304222192182733],[-75.5517345713922,6.305501852064602]]]}},{"type":"Feature","properties":{"codigo":"Inst_7","nombre":"Ecoparque Cerro El Volador","comuna":"Comuna 07 Robledo"},"geometry":{"type":"Polygon","coordinates":[[[-75.58310248405586,6.272445909156824],[-75.58245857689968,6.272004669410835],[-75.57955494317473,6.271574331070359],[-75.57788559219802,6.269870989502179],[-75.57637410915946,6.269056557887701],[-75.5773636218597,6.265841124170043],[-75.57956025750433,6.262555552411485],[-75.57983734830322,6.261575893545219],[-75.579701625242,6.260343769366931],[-75.58022637267781,6.259827338896574],[-75.58179441536076,6.260404750144382],[-75.584062670411,6.262398075879859],[-75.58458098605075,6.261288361157406],[-75.585115746225,6.262438723907671],[-75.58615699905322,6.263494146230919],[-75.58619032182462,6.263750663777301],[-75.58404017570616,6.265435620450061],[-75.58458732454719,6.265381361876668],[-75.58518871153065,6.266326054732662],[-75.58479572289097,6.266695590045685],[-75.58488777138847,6.266999567889829],[-75.58413792321683,6.267482117565423],[-75.58477374662252,6.268117178831369],[-75.58399904778634,6.268501415917505],[-75.58373594013378,6.269268720065751],[-75.58625716303791,6.269913891498138],[-75.58530403047392,6.270271015418039],[-75.58523571780952,6.270613419569488],[-75.58467161388482,6.27034109788908],[-75.58409510367107,6.27057616342922],[-75.58451785289223,6.27198219313729],[-75.58310248405586,6.272445909156824]]]}},{"type":"Feature","properties":{"codigo":"0309","nombre":"Versalles No.1","comuna":"Comuna 03 Manrique"},"geometry":{"type":"Polygon","coordinates":[[[-75.54104854200708,6.267943053736196],[-75.54040435786936,6.267653744348689],[-75.54152265108253,6.26761709918082],[-75.54126292615466,6.267272650105109],[-75.541846718116,6.264038328755847],[-75.54147934826639,6.262843994618342],[-75.54177851748406,6.262049457863805],[-75.54157845388306,6.261687083340798],[-75.5427492926289,6.261614338319077],[-75.54310597087257,6.261246327310438],[-75.54484886369616,6.261562204881218],[-75.54574940839359,6.262158262442327],[-75.54675618817413,6.262077508893173],[-75.54653967042397,6.263982672621982],[-75.546750629527,6.264528851081176],[-75.54628657060739,6.267396513310056],[-75.54104854200708,6.267943053736196]]]}},{"type":"Feature","properties":{"codigo":"1408","nombre":"Altos del Poblado","comuna":"Comuna 14 El Poblado"},"geometry":{"type":"Polygon","coordinates":[[[-75.5513378615582,6.214535637605162],[-75.55145456149874,6.213822621641261],[-75.55040293032603,6.213685373712445],[-75.54869379042923,6.213813396256254],[-75.54731978049912,6.214531019051131],[-75.54694758849247,6.214269403709098],[-75.54718962258109,6.212352569361018],[-75.5477858690259,6.211542985897224],[-75.54738790180411,6.211317966818676],[-75.54762020072859,6.210433930133346],[-75.54710214852598,6.20991815927378],[-75.54762971851339,6.209604932747196],[-75.54825633495865,6.206840249184068],[-75.54760828275477,6.206325968148857],[-75.54829344220553,6.205633659173422],[-75.54852653338972,6.204442906001877],[-75.5502386211402,6.205570555139079],[-75.5502668006709,6.207041869907203],[-75.55179514904508,6.207098422019057],[-75.55320323194417,6.207447646699344],[-75.55343808935221,6.207910969836219],[-75.5549020768703,6.207960731218601],[-75.55491615404178,6.209447865322881],[-75.55428320254639,6.211023126140729],[-75.55671149281001,6.212731806680672],[-75.55819917408355,6.21457041293463],[-75.55741606524433,6.214959132680494],[-75.55783271522012,6.216319708621411],[-75.55565896169071,6.217835046492723],[-75.5553701671915,6.218467563702103],[-75.5513378615582,6.214535637605162]]]}},{"type":"Feature","properties":{"codigo":"Inst_8","nombre":"Universidad Nacional","comuna":"Comuna 07 Robledo"},"geometry":{"type":"Polygon","coordinates":[[[-75.57518277790278,6.265685366188694],[-75.57208948560047,6.265174161859757],[-75.57418856736837,6.259698708938644],[-75.57676773628006,6.259023809887846],[-75.5789224341682,6.25890613924282],[-75.57845809624831,6.25940707963427],[-75.5797858118024,6.259736606913968],[-75.57980208359386,6.261827522577512],[-75.57716265896747,6.266382940697149],[-75.5766591896193,6.266665404617815],[-75.57518277790278,6.265685366188694]]]}},{"type":"Feature","properties":{"codigo":"0711","nombre":"El Diamante","comuna":"Comuna 07 Robledo"},"geometry":{"type":"Polygon","coordinates":[[[-75.58674175821733,6.289275494213346],[-75.58460345777365,6.287347711947664],[-75.58399878322516,6.283232699811737],[-75.58416622173758,6.282824000403687],[-75.58556307382737,6.282118514049828],[-75.58684260409552,6.280857587134228],[-75.58706392194395,6.282157426047326],[-75.58822949361452,6.283356920455597],[-75.5883389392056,6.283900318075611],[-75.58896341710157,6.283983861581476],[-75.58979915387017,6.284879897118],[-75.59055137313142,6.285184196260553],[-75.59037334797752,6.286222354109577],[-75.58839398426491,6.287635384677478],[-75.58794320184668,6.288675768729458],[-75.58681131503324,6.289741236113469],[-75.58674175821733,6.289275494213346]]]}},{"type":"Feature","properties":{"codigo":"0716","nombre":"Palenque","comuna":"Comuna 07 Robledo"},"geometry":{"type":"Polygon","coordinates":[[[-75.59606051020083,6.285256690747542],[-75.59576669479898,6.282116742125557],[-75.59523154291381,6.281787413888351],[-75.59445943803976,6.280535509909278],[-75.59386537125012,6.280239853882973],[-75.59323606171604,6.278387850134839],[-75.59171175053912,6.278083840761832],[-75.5915291828847,6.277381534118241],[-75.59093825586035,6.277056787750957],[-75.59018924960698,6.277156171984944],[-75.5897598478094,6.277563555136576],[-75.58948053329631,6.277338706578296],[-75.59023734190747,6.275994970340512],[-75.59237343529755,6.274954204340482],[-75.59297492362192,6.274236704571035],[-75.59395825778618,6.275477879230996],[-75.59547444173118,6.276595409896679],[-75.59658186850461,6.278740163277975],[-75.59773514610113,6.282737044102277],[-75.59867027837822,6.283324610283243],[-75.59887529909429,6.28408850364253],[-75.59964551267684,6.284050036482561],[-75.5992299247117,6.284255728177209],[-75.59919946278731,6.284771027624577],[-75.59861612852238,6.284337126872679],[-75.5982807420431,6.284863743710637],[-75.5980062863873,6.284455815611843],[-75.59641898426723,6.284427653207975],[-75.59606051020083,6.285256690747542]]]}},{"type":"Feature","properties":{"codigo":"1401","nombre":"Barrio Colombia","comuna":"Comuna 14 El Poblado"},"geometry":{"type":"Polygon","coordinates":[[[-75.5694053816259,6.227562583674422],[-75.56922921383294,6.222979139802352],[-75.5713532803601,6.224188275090782],[-75.5714176493075,6.224807536799283],[-75.5725372777527,6.225455042097969],[-75.57635914099865,6.225930744752363],[-75.57562747804518,6.231343647678441],[-75.57370325381434,6.230691637495381],[-75.5694053816259,6.227562583674422]]]}},{"type":"Feature","properties":{"codigo":"1602","nombre":"Rosales","comuna":"Comuna 16 Belen"},"geometry":{"type":"Polygon","coordinates":[[[-75.58727329700707,6.231667678056233],[-75.593638228515,6.231478692816999],[-75.59376432698164,6.235382974793822],[-75.59402573387646,6.235125312998104],[-75.59551471871988,6.23661576084483],[-75.59457807517987,6.237956035968134],[-75.59389264127707,6.238375313798449],[-75.59061047910926,6.238478297130757],[-75.58991658443685,6.239220761984272],[-75.58749151756767,6.239290919073635],[-75.58727329700707,6.231667678056233]]]}},{"type":"Feature","properties":{"codigo":"5003","nombre":"Urquitá","comuna":""},"geometry":{"type":"Polygon","coordinates":[[[-75.66100736046472,6.359320840402591],[-75.66283130270808,6.358892194294151],[-75.66446538774574,6.35921884911715],[-75.6671226803369,6.362793771852739],[-75.66870410047417,6.363278628124537],[-75.67000073496745,6.363004152746532],[-75.6708652499668,6.36328875042359],[-75.67196207649096,6.365482301397466],[-75.67286891102812,6.366484081609628],[-75.67333279294895,6.366600003765071],[-75.67397587654185,6.366631513422712],[-75.67463995790425,6.366241139310667],[-75.67606318482507,6.366356860586142],[-75.6782768581729,6.365428260814576],[-75.68084884064582,6.363961677191542],[-75.68071166114419,6.363360529025254],[-75.68113325901551,6.362949105150387],[-75.68257747062218,6.362653472915062],[-75.68264058907191,6.362041734863326],[-75.685097030947,6.362579079748557],[-75.68570825861809,6.36161916738294],[-75.68649896075847,6.361798285103258],[-75.68703655912729,6.361576675285911],[-75.68772186899727,6.361882380084658],[-75.68782713901616,6.361228442552964],[-75.68947151888634,6.360405396024588],[-75.69218088743129,6.360594599217793],[-75.69337192329161,6.359666179109697],[-75.6958601287515,6.360762455667182],[-75.69590248247879,6.361511278907384],[-75.69626097244192,6.361743223755705],[-75.698970201201,6.361341760076358],[-75.70143720891633,6.361921213203877],[-75.7019644389195,6.362395690850753],[-75.70345091775555,6.362532414900165],[-75.70399941072839,6.363681889838283],[-75.70608678202619,6.363755165709451],[-75.70824810212669,6.364397949467999],[-75.70856447452141,6.364788100849383],[-75.70993484427922,6.364365848977196],[-75.71116830003064,6.364439336945393],[-75.71171633357483,6.363859102700744],[-75.7125175740322,6.363985442825419],[-75.71284432270738,6.363774412203162],[-75.71293897204777,6.36295172321187],[-75.71379274723674,6.362455775985751],[-75.71598546809977,6.362296948657549],[-75.71693082687815,6.360831291722876],[-75.71738789044942,6.3640919896938],[-75.7171149221942,6.365113237523104],[-75.71435952380664,6.368950668127893],[-75.71375250085094,6.370988393881197],[-75.71245225883068,6.371752469200209],[-75.71102643158339,6.371782662186536],[-75.70960981064822,6.37253604148194],[-75.70858520075372,6.372527200649525],[-75.70789170265694,6.373136736704914],[-75.70706750187014,6.373086450308689],[-75.70586079207015,6.373516900572497],[-75.70352262906984,6.372282865552965],[-75.70101192086001,6.372427230422736],[-75.69960762473855,6.372957954700378],[-75.69818702717365,6.37242684691588],[-75.6958546583553,6.370455044853671],[-75.69393784219199,6.37049761621575],[-75.6917291158668,6.369901998999496],[-75.68925824077799,6.370214374344843],[-75.6871385778104,6.371358359569617],[-75.68646976708649,6.370730549459389],[-75.68622715876532,6.369811826298125],[-75.68575886883234,6.369557340843939],[-75.68391316606353,6.370076334387444],[-75.68228311205421,6.369822936824728],[-75.67932492627729,6.370063618805546],[-75.67828253131105,6.370585031727416],[-75.67729617288092,6.371978579479398],[-75.676554319871,6.371853247777363],[-75.67295926513967,6.372663690394005],[-75.66989415778306,6.374004937192222],[-75.66869803696588,6.374015089389428],[-75.66706096948677,6.374872060301295],[-75.66683590051203,6.372880985509886],[-75.66522904948017,6.367423891879051],[-75.66536093322738,6.365928870279278],[-75.66354973032401,6.363064900765363],[-75.66296125559123,6.361166490703291],[-75.66100736046472,6.359320840402591]]]}},{"type":"Feature","properties":{"codigo":"5008","nombre":"Potrera Miserenga","comuna":""},"geometry":{"type":"Polygon","coordinates":[[[-75.66446538774574,6.35921884911715],[-75.66896683169206,6.359049238411712],[-75.67425801242814,6.354407511649636],[-75.67515399269989,6.353974900750314],[-75.67727296834208,6.354143209729029],[-75.6782324942002,6.35510278164119],[-75.67892830971996,6.355303026011837],[-75.68074141440628,6.354743644736628],[-75.68400882485834,6.352011257554575],[-75.68491511168506,6.350587212204507],[-75.68693900457069,6.349911745780626],[-75.68981694963456,6.349932172409848],[-75.6915880717712,6.350279802816883],[-75.6955305636635,6.349540560607969],[-75.69683777221985,6.349592971873445],[-75.69632130564102,6.349941150364275],[-75.69660595702746,6.350025455888684],[-75.6985877473396,6.349676909880255],[-75.70143417800668,6.350140252460332],[-75.7026150974389,6.351015345935737],[-75.70637860141893,6.351162012556451],[-75.70888792764305,6.352448066411338],[-75.70739186149876,6.355760217630864],[-75.70858365517813,6.357774365976019],[-75.70829939395915,6.35915609569752],[-75.70854219952469,6.36040057122973],[-75.70807900813517,6.362847591165261],[-75.7078894005397,6.363406632194852],[-75.7072674778179,6.36364937987694],[-75.70548577686607,6.363375635908062],[-75.7048217574527,6.363892613143169],[-75.70399941072839,6.363681889838283],[-75.70345091775555,6.362532414900165],[-75.7019644389195,6.362395690850753],[-75.70143720891633,6.361921213203877],[-75.698970201201,6.361341760076358],[-75.69626097244192,6.361743223755705],[-75.69590248247879,6.361511278907384],[-75.6958601287515,6.360762455667182],[-75.69337192329161,6.359666179109697],[-75.69218088743129,6.360594599217793],[-75.68947151888634,6.360405396024588],[-75.68782713901616,6.361228442552964],[-75.68772186899727,6.361882380084658],[-75.68703655912729,6.361576675285911],[-75.68649896075847,6.361798285103258],[-75.68570825861809,6.36161916738294],[-75.685097030947,6.362579079748557],[-75.68264058907191,6.362041734863326],[-75.68257747062218,6.362653472915062],[-75.68113325901551,6.362949105150387],[-75.68071166114419,6.363360529025254],[-75.68084884064582,6.363961677191542],[-75.6782768581729,6.365428260814576],[-75.67606318482507,6.366356860586142],[-75.67463995790425,6.366241139310667],[-75.67397587654185,6.366631513422712],[-75.67333279294895,6.366600003765071],[-75.67286891102812,6.366484081609628],[-75.67196207649096,6.365482301397466],[-75.6708652499668,6.36328875042359],[-75.67000073496745,6.363004152746532],[-75.66870410047417,6.363278628124537],[-75.6671226803369,6.362793771852739],[-75.66446538774574,6.35921884911715]]]}},{"type":"Feature","properties":{"codigo":"1507","nombre":"Campo Amor","comuna":"Comuna 15 Guayabal"},"geometry":{"type":"Polygon","coordinates":[[[-75.57763105126149,6.216884749303099],[-75.57897630483424,6.207356218605419],[-75.58451611031674,6.208211518668212],[-75.58536075127618,6.208512083031724],[-75.58509146059177,6.209150564543323],[-75.5885547421655,6.210744931314957],[-75.5881505792007,6.213092041371181],[-75.58669560009137,6.212823144250365],[-75.58562474953789,6.218631589596228],[-75.57763105126149,6.216884749303099]]]}},{"type":"Feature","properties":{"codigo":"1422","nombre":"La Aguacatala","comuna":"Comuna 14 El Poblado"},"geometry":{"type":"Polygon","coordinates":[[[-75.57623106683353,6.194621830978743],[-75.5764077651055,6.193664683528896],[-75.57853567538365,6.194524607629663],[-75.57966934452429,6.194338127856227],[-75.58013795658142,6.194871497575157],[-75.58150249401483,6.19529294895411],[-75.58012394371114,6.199430084869888],[-75.57946799502506,6.204040667757772],[-75.57684433735193,6.203151373987168],[-75.5752674208638,6.201447295743835],[-75.57307963862287,6.200198623858723],[-75.5750053821648,6.195892014823132],[-75.57623106683353,6.194621830978743]]]}},{"type":"Feature","properties":{"codigo":"0810","nombre":"El Pinal","comuna":"Comuna 08 Vista Hermosa"},"geometry":{"type":"Polygon","coordinates":[[[-75.54160967663151,6.245319356730877],[-75.54284514518584,6.244237969704623],[-75.5428378622689,6.24305933855616],[-75.54353404522888,6.243188195897343],[-75.54360634019311,6.242713582665812],[-75.54395471476302,6.24276558029491],[-75.54388133045923,6.242381364199415],[-75.54477569984823,6.242455986695745],[-75.54471642889943,6.242126013227108],[-75.54564976939793,6.241940727342826],[-75.5460032553331,6.241258198318571],[-75.54570005966261,6.241037827450758],[-75.54581866845747,6.240176743128967],[-75.54697106358898,6.240390367662369],[-75.5478360171307,6.241842503716252],[-75.54974782189586,6.242673152679094],[-75.54965519621605,6.243403155227341],[-75.54937006241995,6.243283361443153],[-75.549018266895,6.244121837396184],[-75.54850728322266,6.243922932091958],[-75.54750382090181,6.246760422516058],[-75.54553380457497,6.246926456273323],[-75.54366704088017,6.248691494300819],[-75.54323565695175,6.248720854659791],[-75.54272418548368,6.246899206822769],[-75.54160967663151,6.245319356730877]]]}},{"type":"Feature","properties":{"codigo":"0719","nombre":"Fuente Clara","comuna":"Comuna 07 Robledo"},"geometry":{"type":"Polygon","coordinates":[[[-75.60106982887292,6.278324047055944],[-75.60105061368931,6.278064139485516],[-75.60117257318332,6.277931917837882],[-75.60238037730427,6.277612039799276],[-75.60299582611071,6.277027769668476],[-75.6028450302461,6.27657802461804],[-75.60090030708896,6.276378132570097],[-75.6008539410433,6.275359971180565],[-75.60288169255143,6.275953111417167],[-75.60359707535751,6.275232098941966],[-75.60402961051435,6.275262581091076],[-75.60588236146125,6.276452380902672],[-75.60714268678181,6.276334764615543],[-75.60793324712786,6.276700838230505],[-75.60815809615221,6.278171001110721],[-75.60906392329555,6.279451264238857],[-75.60664885338527,6.279735085379409],[-75.60580348702706,6.278958810270896],[-75.60423648523894,6.278289938600475],[-75.60287960746258,6.278586099624941],[-75.60141538345806,6.277979364310418],[-75.60106982887292,6.278324047055944]]]}},{"type":"Feature","properties":{"codigo":"0102","nombre":"Santo Domingo Savio No.2","comuna":"Comuna 01 Popular"},"geometry":{"type":"Polygon","coordinates":[[[-75.54117364153643,6.302440936228059],[-75.53987779010667,6.302127063284974],[-75.53921964031474,6.300957086462998],[-75.53824710388106,6.30079554436537],[-75.53702093834906,6.298477206222906],[-75.53588927276469,6.298335909082602],[-75.53630743105751,6.297587793352159],[-75.53822146879827,6.297508325919416],[-75.53857063290357,6.296784679143165],[-75.53977162739604,6.296491351825097],[-75.53996899422648,6.295545132338443],[-75.5413631535216,6.294535160435224],[-75.54042178154488,6.295723928877567],[-75.54038665244106,6.296928203480194],[-75.54147299353204,6.2992573933731],[-75.54203097068478,6.299087364332818],[-75.54258623551489,6.30060116281248],[-75.54222237887929,6.301254848328603],[-75.54262261380383,6.301837443637218],[-75.54117364153643,6.302440936228059]]]}},{"type":"Feature","properties":{"codigo":"0302","nombre":"Las Granjas","comuna":"Comuna 03 Manrique"},"geometry":{"type":"Polygon","coordinates":[[[-75.54371627065576,6.282659325715969],[-75.5443036131294,6.280846771741192],[-75.54457085024038,6.277601314894344],[-75.54380811512087,6.274797655537578],[-75.54749225711349,6.27537173313586],[-75.54760071747909,6.276049066739994],[-75.55337211454508,6.277052013205604],[-75.55261615460441,6.281303899882082],[-75.55273742948276,6.281994816793221],[-75.5523100196377,6.282087494082861],[-75.5521645452123,6.281697988374153],[-75.551342762003,6.28142205179149],[-75.55108550210319,6.282105698745654],[-75.55046694583748,6.282119518500628],[-75.55007156187719,6.28175430333069],[-75.54874953519393,6.281467859528436],[-75.54739126708002,6.282217790409335],[-75.54639790372431,6.282012010601187],[-75.54543623154403,6.282597788028621],[-75.54537723116955,6.282101421728798],[-75.54450226146848,6.282661899106148],[-75.54371627065576,6.282659325715969]]]}},{"type":"Feature","properties":{"codigo":"0902","nombre":"Barrios de Jesús","comuna":"Comuna 09 Buenos Aires"},"geometry":{"type":"Polygon","coordinates":[[[-75.53886007516358,6.232319234008854],[-75.53801087033682,6.232641246879216],[-75.53601725923473,6.23167946463728],[-75.53496138826576,6.232234249169003],[-75.53415851425368,6.232012709360331],[-75.53359734926383,6.231021627863766],[-75.53168619143985,6.229973952263217],[-75.53143727116927,6.228895876939516],[-75.53214585681206,6.227060436379704],[-75.5323679093757,6.228084893392278],[-75.53323531428127,6.227980187706263],[-75.53378047891906,6.2283105377208],[-75.53399198825058,6.228109224887329],[-75.5345508434311,6.22875756942237],[-75.53547735884634,6.228532894416669],[-75.53638971593844,6.227728641490865],[-75.53816524415785,6.227360958405636],[-75.53867252499961,6.227445215850545],[-75.53962613874084,6.228364795382022],[-75.53955938188255,6.227312064782032],[-75.54020394457089,6.227310219417184],[-75.54045546001791,6.226088355281494],[-75.54094813931277,6.23032143572206],[-75.54048451612795,6.231698930186273],[-75.53968665671681,6.232698972642968],[-75.53932472006402,6.232982593150894],[-75.53886007516358,6.232319234008854]]]}},{"type":"Feature","properties":{"codigo":"0501","nombre":"Toscana","comuna":"Comuna 05 Castilla"},"geometry":{"type":"Polygon","coordinates":[[[-75.55740518169655,6.309379864347812],[-75.55696667051346,6.303436922515684],[-75.55873527433899,6.303941522452777],[-75.56077384366117,6.303899497145735],[-75.56041127852507,6.304682046274927],[-75.56010272044773,6.308672708093916],[-75.55802364555066,6.312166597400668],[-75.55630841659593,6.311390730821149],[-75.55740518169655,6.309379864347812]]]}},{"type":"Feature","properties":{"codigo":"1203","nombre":"Los Pinos","comuna":"Comuna 12 La America"},"geometry":{"type":"Polygon","coordinates":[[[-75.59687167754171,6.250119660796478],[-75.59960508773185,6.250088993930944],[-75.60225949276457,6.250756681702557],[-75.60144539058298,6.252437102114251],[-75.59892325313406,6.254350411438193],[-75.59641288711653,6.254978853017412],[-75.59687167754171,6.250119660796478]]]}},{"type":"Feature","properties":{"codigo":"0911","nombre":"Gerona","comuna":"Comuna 09 Buenos Aires"},"geometry":{"type":"Polygon","coordinates":[[[-75.55580244143158,6.238744183984426],[-75.55754720074984,6.235494228229523],[-75.55829081950706,6.23494391220589],[-75.55859231796332,6.235440005175097],[-75.55931277494302,6.23547617973844],[-75.5597204206579,6.236206192044511],[-75.56117035551479,6.237465077913776],[-75.56033864982881,6.238397348526246],[-75.5609755400519,6.23896576852283],[-75.5610839397959,6.239530789487135],[-75.5607852482727,6.239825725729055],[-75.560744000271,6.241970540714658],[-75.56006813616864,6.242147946264333],[-75.55870684550784,6.240434783478136],[-75.55580244143158,6.238744183984426]]]}},{"type":"Feature","properties":{"codigo":"1212","nombre":"Santa Teresita","comuna":"Comuna 12 La America"},"geometry":{"type":"Polygon","coordinates":[[[-75.60928773121066,6.245846161382105],[-75.60800081006387,6.244228042823357],[-75.60678007223068,6.244173891288415],[-75.6074547468079,6.243370383679666],[-75.60781769581604,6.241925036685755],[-75.61294119359475,6.242560838488282],[-75.61380725059374,6.241575370178482],[-75.61574392729503,6.241586499064692],[-75.61679692466774,6.241204449711246],[-75.61801257373618,6.241284577191002],[-75.61724472159744,6.241703886336377],[-75.61710579709643,6.241422518887887],[-75.61678904817421,6.241511821298052],[-75.61641366342407,6.242525500886178],[-75.61543400851056,6.242275850845893],[-75.61586387821454,6.244342654096485],[-75.61552565363864,6.244233070961831],[-75.61516206756863,6.244637657197894],[-75.61360031839715,6.244902223525727],[-75.61203069994468,6.245614281396771],[-75.6100798802617,6.245451714902149],[-75.60928773121066,6.245846161382105]]]}},{"type":"Feature","properties":{"codigo":"0513","nombre":"Francisco Antonio Zea","comuna":"Comuna 05 Castilla"},"geometry":{"type":"Polygon","coordinates":[[[-75.57630753274444,6.288393608976521],[-75.570210508521,6.286329304616686],[-75.5714704100627,6.282363146394807],[-75.57191107656946,6.28336107259416],[-75.57342881472775,6.284575435074485],[-75.5757647734416,6.285356036855847],[-75.57703688094735,6.286256043259452],[-75.57630753274444,6.288393608976521]]]}},{"type":"Feature","properties":{"codigo":"1608","nombre":"La Mota","comuna":"Comuna 16 Belen"},"geometry":{"type":"Polygon","coordinates":[[[-75.59904088332166,6.218777884027197],[-75.59510237797025,6.211107382006065],[-75.59666513066944,6.210189707826499],[-75.597729973694,6.210482329595338],[-75.59792399406878,6.20690460927219],[-75.59729156572742,6.205333888222426],[-75.5978911225968,6.204655829664781],[-75.59891470812515,6.204404902996675],[-75.59989938692443,6.20499020616755],[-75.60028730425083,6.205724709489424],[-75.60040821465952,6.207182454407375],[-75.60135398409174,6.208435611881233],[-75.60150148796596,6.210745406258493],[-75.60025260341318,6.210762433974248],[-75.60024987647076,6.212351271279438],[-75.59991845483196,6.21230156882789],[-75.59948659634289,6.213289250810889],[-75.59912807465405,6.213265541046939],[-75.59900106194983,6.21364185147543],[-75.60020938673479,6.215024949759981],[-75.60047473311074,6.214772934682864],[-75.6011449420631,6.215227170084027],[-75.6000846537017,6.215756093105973],[-75.5992654807679,6.216818379941762],[-75.59904088332166,6.218777884027197]]]}},{"type":"Feature","properties":{"codigo":"1609","nombre":"La Hondonada","comuna":"Comuna 16 Belen"},"geometry":{"type":"Polygon","coordinates":[[[-75.60596599307192,6.206187783756136],[-75.60294992409028,6.205909868459768],[-75.60146554847373,6.204828514195316],[-75.5999112427658,6.204992465506723],[-75.59903101967993,6.204511119487465],[-75.59793451838148,6.203267006622694],[-75.59890842429587,6.203135866879614],[-75.59922400844086,6.202775365013677],[-75.59884573054201,6.202699674360863],[-75.59962086846983,6.202022734394232],[-75.59837473619946,6.200437358881309],[-75.59832557395995,6.199676844010944],[-75.59910536022736,6.200160466993453],[-75.60125580418422,6.200312883951619],[-75.60216033667596,6.199774298819611],[-75.60301273664082,6.20008876962112],[-75.60402174568408,6.203004699766188],[-75.60522105055291,6.20337446268413],[-75.60590087023445,6.202758732201183],[-75.60580739954797,6.202471564579993],[-75.60635605661642,6.202433102547912],[-75.60682037201121,6.203722832295588],[-75.60794701274116,6.204173639144979],[-75.60846828564416,6.204877462037463],[-75.60989203191126,6.205638294649783],[-75.61082976861054,6.205508083508298],[-75.60928806695384,6.206127494026458],[-75.60753193219618,6.206127645581212],[-75.60683869207793,6.205641779989689],[-75.60652096273614,6.205949725086771],[-75.60607726652744,6.205816557187253],[-75.60596599307192,6.206187783756136]]]}},{"type":"Feature","properties":{"codigo":"0806","nombre":"Llanaditas","comuna":"Comuna 08 Vista Hermosa"},"geometry":{"type":"Polygon","coordinates":[[[-75.53693362214811,6.256942490884239],[-75.53806630957882,6.255691531707322],[-75.53941874519792,6.255508966930006],[-75.53980329593226,6.254906776750176],[-75.53958471170681,6.25506131862637],[-75.53892772575539,6.253917410558757],[-75.53915356201382,6.253052889072189],[-75.53826946064878,6.252898982473456],[-75.53830211106494,6.251932203716511],[-75.53796771660909,6.251643645427224],[-75.53813290845746,6.250670690622484],[-75.53649783275262,6.249390259083099],[-75.53802421278563,6.249349325317834],[-75.53846504662361,6.248687835109891],[-75.53937919349384,6.248678845177392],[-75.5412960788838,6.249749094852695],[-75.54112378114999,6.251366171722062],[-75.54153198529856,6.251943642335124],[-75.54126430326599,6.252788897762849],[-75.54218403058046,6.25424556513706],[-75.54218848934441,6.255433236143504],[-75.54098854292843,6.256950817471663],[-75.53893575035771,6.257008763545633],[-75.53850955562856,6.256541003516737],[-75.53693362214811,6.256942490884239]]]}},{"type":"Feature","properties":{"codigo":"1315","nombre":"Nuevos Conquistadores","comuna":"Comuna 13 San Javier"},"geometry":{"type":"Polygon","coordinates":[[[-75.62576849494154,6.253316433344619],[-75.6249751287798,6.252892755209177],[-75.62599650957652,6.252401077163104],[-75.62605791164117,6.251092485131001],[-75.62662349541444,6.249434655759373],[-75.62661487398024,6.248062790238365],[-75.62828563064102,6.248064861615172],[-75.63014597306929,6.248507897572124],[-75.63120640928824,6.249077172794444],[-75.63218335193078,6.250492185457806],[-75.63088895794989,6.249987257416572],[-75.63034907191926,6.250199515626538],[-75.63009344881846,6.250657120038026],[-75.62933862174924,6.250651594437242],[-75.62951869401579,6.252050366609091],[-75.62900373127407,6.251958893074206],[-75.62845045673271,6.252587257683917],[-75.62673910589058,6.253254174021693],[-75.62656742161502,6.25294908278613],[-75.62576849494154,6.253316433344619]]]}},{"type":"Feature","properties":{"codigo":"1204","nombre":"La América","comuna":"Comuna 12 La America"},"geometry":{"type":"Polygon","coordinates":[[[-75.59892325313406,6.254350411438193],[-75.60157298938746,6.252287928995485],[-75.60218046641896,6.251114908940977],[-75.60236611959135,6.249365597047416],[-75.60384370026475,6.248256930182197],[-75.60480188825056,6.248269295338569],[-75.60537496978323,6.247942673368284],[-75.60515481076723,6.248633143102601],[-75.60577027022528,6.248718982868236],[-75.60802275504403,6.250714466311918],[-75.60683143715056,6.251659267047039],[-75.60757059916956,6.252311245495768],[-75.60524397144968,6.255926408544632],[-75.60492043251335,6.255959202300523],[-75.60443078123295,6.254440464109361],[-75.60465039535566,6.253979393279889],[-75.6028033808867,6.252908240704534],[-75.59892325313406,6.254350411438193]]]}},{"type":"Feature","properties":{"codigo":"0913","nombre":"Loreto","comuna":"Comuna 09 Buenos Aires"},"geometry":{"type":"Polygon","coordinates":[[[-75.55696056763406,6.235065930462619],[-75.55674544150152,6.235329224927876],[-75.55641233264465,6.234498638840209],[-75.55470154770208,6.233831873814022],[-75.55507872305103,6.233477051022316],[-75.55300264653243,6.232378594957646],[-75.55302524012691,6.232083655097663],[-75.55422453862286,6.23025528340364],[-75.55511320927936,6.226617388484272],[-75.5559155463031,6.227008160560607],[-75.55631393847256,6.22610143716272],[-75.55930728649675,6.226173689074255],[-75.5592796119396,6.22667768684654],[-75.56058780066355,6.228051835802045],[-75.55996445678079,6.228662048666411],[-75.56108520467338,6.22960677870033],[-75.56098074322064,6.230122075640792],[-75.56187056099283,6.231628430547094],[-75.56192418959736,6.232477090947143],[-75.56243516563632,6.23283305991987],[-75.56172317666699,6.233149462220208],[-75.56078873817467,6.232612680663657],[-75.56024612453727,6.23357320679348],[-75.56009196345688,6.234846760029886],[-75.55839584080744,6.234815089334552],[-75.55759801813691,6.235460328027131],[-75.55696056763406,6.235065930462619]]]}},{"type":"Feature","properties":{"codigo":"0609","nombre":"Picachito","comuna":"Comuna 06 Doce de Octubre"},"geometry":{"type":"Polygon","coordinates":[[[-75.58483408903093,6.302717439896099],[-75.58371676499416,6.301959789653758],[-75.58385921034112,6.300962639838794],[-75.58528397771612,6.298383660924817],[-75.58525091982717,6.297852980823483],[-75.58582272164395,6.297081372917287],[-75.58631196597615,6.297044652411603],[-75.58690772573183,6.297968159549466],[-75.58634062818902,6.298473379491863],[-75.58667813324065,6.298268978770734],[-75.58694801137864,6.298513452233362],[-75.58611994652233,6.299462179865527],[-75.58599929367784,6.300106976616023],[-75.5867505171323,6.300562692457135],[-75.58658346133365,6.301223186398744],[-75.58615385209976,6.301482196990324],[-75.5864073267147,6.301867322838452],[-75.58580312684924,6.302537816827337],[-75.58514130070866,6.302289614526823],[-75.58483408903093,6.302717439896099]]]}},{"type":"Feature","properties":{"codigo":"Inst_16","nombre":"La Alpujarra","comuna":"Comuna 10 La Candelaria"},"geometry":{"type":"Polygon","coordinates":[[[-75.57524260610813,6.246265828641617],[-75.57549434091906,6.239588420801237],[-75.57751231819049,6.239649411305994],[-75.58029442311864,6.247963055789538],[-75.57524260610813,6.246265828641617]]]}},{"type":"Feature","properties":{"codigo":"1008","nombre":"Corazón de Jesús","comuna":"Comuna 10 La Candelaria"},"geometry":{"type":"Polygon","coordinates":[[[-75.57497053853157,6.253038157368453],[-75.57524260610813,6.246265828641617],[-75.58029442311864,6.247963055789538],[-75.5801177129765,6.248886302615189],[-75.57723533373107,6.254190763501913],[-75.57497053853157,6.253038157368453]]]}},{"type":"Feature","properties":{"codigo":"0907","nombre":"Buenos Aires","comuna":"Comuna 09 Buenos Aires"},"geometry":{"type":"Polygon","coordinates":[[[-75.55199794221724,6.24039393738172],[-75.55370433523899,6.23718919426444],[-75.55421361085982,6.237773438762025],[-75.55870684550784,6.240434783478136],[-75.5600523252975,6.24225303990085],[-75.5582398378997,6.243645217077314],[-75.55199794221724,6.24039393738172]]]}},{"type":"Feature","properties":{"codigo":"1510","nombre":"Guayabal","comuna":"Comuna 15 Guayabal"},"geometry":{"type":"Polygon","coordinates":[[[-75.58110951166772,6.197037945038055],[-75.58315962865915,6.195823145790659],[-75.58749638164791,6.196820056768024],[-75.5883832323957,6.194879391694476],[-75.59124517375004,6.193212369607444],[-75.59164797748589,6.193249231961807],[-75.58711987507948,6.204301490429996],[-75.5842957558669,6.202799758478375],[-75.57986878739158,6.201044919801079],[-75.58044742258954,6.198226583942788],[-75.58110951166772,6.197037945038055]]]}},{"type":"Feature","properties":{"codigo":"6015","nombre":"Las Playas","comuna":""},"geometry":{"type":"Polygon","coordinates":[[[-75.65701061086618,6.288576407351814],[-75.65239372811779,6.288155291597744],[-75.65063326747959,6.287069229760788],[-75.64919971779572,6.286932342669307],[-75.64876726169257,6.285044493735199],[-75.6475760185685,6.284021615572797],[-75.64737549497885,6.282344670377691],[-75.64573112476057,6.28204960055419],[-75.64422359593895,6.28045722335641],[-75.64311684897768,6.280499570009367],[-75.64189388660337,6.278632921687533],[-75.64112441107652,6.278485371030022],[-75.6403812260207,6.278748763145487],[-75.63964696342511,6.277874502250194],[-75.64066056406706,6.278000272095254],[-75.64094509396097,6.27754671160742],[-75.6441386538453,6.276185693031811],[-75.6449924696212,6.276470337650776],[-75.64646812039426,6.276406837506467],[-75.64719531773596,6.275795001003947],[-75.64781723788597,6.276026941683634],[-75.64819687459901,6.27721869698585],[-75.64930372254805,6.277872441454487],[-75.64970435400396,6.278473559989913],[-75.6504843709182,6.278621095380321],[-75.65111690258914,6.279274911432729],[-75.65202343539664,6.279591177354703],[-75.65362602196205,6.282238217910618],[-75.65642985205672,6.282511975334991],[-75.65764221703532,6.283693034710782],[-75.65926549838433,6.283882601165465],[-75.66145813594227,6.284989651162135],[-75.66252276036096,6.285126570976116],[-75.66135284944933,6.285664678758636],[-75.65924478367523,6.285992006828979],[-75.65945575043179,6.286877918705478],[-75.66019362256172,6.287035994476234],[-75.65896054910345,6.288080363911741],[-75.65701061086618,6.288576407351814]]]}},{"type":"Feature","properties":{"codigo":"0AE2","nombre":"Área de Expansión San Cristóbal","comuna":""},"geometry":{"type":"Polygon","coordinates":[[[-75.60698574240094,6.274954584530629],[-75.60600275372,6.273278402603213],[-75.60515054176823,6.273213309604138],[-75.60538084734422,6.27208285363581],[-75.60416972818139,6.272458816845537],[-75.60232845041534,6.272434602930388],[-75.60302284162269,6.271739875116558],[-75.60265088583651,6.271286595762122],[-75.60195568398053,6.271132371590183],[-75.60201616636591,6.270587368051352],[-75.60171376169774,6.270253125260941],[-75.60202014477278,6.269737573591696],[-75.6018590765152,6.269092555600509],[-75.60397849453351,6.268630877768003],[-75.60501192115436,6.269251413478428],[-75.60580681223021,6.268654304983789],[-75.60641814199651,6.269037119897819],[-75.60683406649352,6.268989253667561],[-75.606432450039,6.268577871960178],[-75.6069625671835,6.268688268972034],[-75.60789644442137,6.267106841511609],[-75.60778033078252,6.266551224643146],[-75.60830627032209,6.266071246325595],[-75.60873341509266,6.266347756064509],[-75.60851331469115,6.265736549135933],[-75.60904583716496,6.265664800094562],[-75.6087828598742,6.265385176009514],[-75.60917038948426,6.265106894945262],[-75.60860789200484,6.264987987608398],[-75.609652180257,6.26493200503704],[-75.61017655818571,6.264590532210558],[-75.61113385931664,6.265786983855683],[-75.6115090506284,6.266835999512202],[-75.61345730213904,6.268943909090069],[-75.61377139939466,6.270941911044019],[-75.6128147740577,6.271181305988078],[-75.61121780343366,6.272387315078713],[-75.61036304237933,6.272662151453532],[-75.60862675780618,6.272424407469162],[-75.60783912247052,6.274551267027729],[-75.60698574240094,6.274954584530629]]]}},{"type":"Feature","properties":{"codigo":"0AE3","nombre":"Eduardo Santos","comuna":""},"geometry":{"type":"Polygon","coordinates":[[[-75.62813205090524,6.263962778361058],[-75.62883341988017,6.26257584668669],[-75.62820047282375,6.261571796758387],[-75.63094205782792,6.259433793132303],[-75.63016468496433,6.260634640904452],[-75.6296814337493,6.262161198347589],[-75.62922774642514,6.262573742696582],[-75.62960842898244,6.26334225049445],[-75.63043125610805,6.263863363888307],[-75.62868091870371,6.263660748544805],[-75.62834546624815,6.264179529457034],[-75.6287692090119,6.264810204352377],[-75.62863979165485,6.264876465022859],[-75.62813205090524,6.263962778361058]]]}},{"type":"Feature","properties":{"codigo":"0AE5","nombre":"Área de Expansión Altavista","comuna":""},"geometry":{"type":"Polygon","coordinates":[[[-75.6124276145665,6.223103785613517],[-75.61185535814359,6.222562857836459],[-75.61249730533594,6.221734444262903],[-75.61166934432002,6.22101447705032],[-75.61084087499259,6.221135370418051],[-75.61061344403295,6.220407638312437],[-75.61219429180645,6.218874581760122],[-75.61226589016519,6.219599182929374],[-75.61330653423573,6.21992854287828],[-75.61477862944527,6.21973255648941],[-75.61510219593816,6.220211954516525],[-75.61572132188437,6.219729950681495],[-75.61622978738446,6.221079958697302],[-75.6172364278515,6.221144486722184],[-75.61777652755823,6.222227430489204],[-75.61739710201925,6.22232333905809],[-75.61821676047522,6.222521082616871],[-75.61458775232572,6.22246307569333],[-75.61361689883512,6.223120255667332],[-75.61285600768815,6.22283448419138],[-75.61260597163482,6.222390516894801],[-75.6124276145665,6.223103785613517]]]}},{"type":"Feature","properties":{"codigo":"0AE6","nombre":"Área de Expansión Belén Rincón","comuna":""},"geometry":{"type":"Polygon","coordinates":[[[-75.60961311728231,6.218692696748172],[-75.60836766358184,6.217852973833867],[-75.60763404686135,6.218428797850609],[-75.60608156189147,6.217343132436262],[-75.60526326448506,6.217428033306873],[-75.60471676094296,6.216591308051646],[-75.6035749045364,6.21663785280767],[-75.603094431929,6.216258184552676],[-75.60382231292512,6.216500694065861],[-75.60492714419878,6.216098147127508],[-75.60543013227121,6.215030234636056],[-75.60487315311472,6.214162897354199],[-75.60559923763772,6.213320323598305],[-75.60532942275131,6.212779647136633],[-75.60481615670093,6.212955547135377],[-75.60465824508606,6.212375536637739],[-75.60439244508906,6.212413335850865],[-75.60544793123452,6.210637049392783],[-75.60675659010123,6.210183128470359],[-75.60809438237344,6.211682602115761],[-75.6089012082784,6.211965331141253],[-75.60934390115888,6.212721641276988],[-75.60888531801304,6.212237783857201],[-75.60824034150933,6.21225286691242],[-75.60863267845569,6.213213289770485],[-75.60777918755309,6.213829425535458],[-75.60826287268719,6.214682370586458],[-75.60900699226134,6.21460236128961],[-75.60835191292315,6.215330320335232],[-75.6085674270574,6.215209281188175],[-75.60924780787997,6.216446360983286],[-75.60987267542986,6.216693727327838],[-75.60920603852524,6.217409094969424],[-75.60946999218898,6.217744841870921],[-75.60995785596455,6.217637946470171],[-75.60995761457903,6.218261837689122],[-75.61050310798899,6.218540655539162],[-75.60961311728231,6.218692696748172]]]}},{"type":"Feature","properties":{"codigo":"AUC1","nombre":"Cabecera Urbana Corregimiento San Cristóbal","comuna":""},"geometry":{"type":"Polygon","coordinates":[[[-75.63671801372503,6.281090464098551],[-75.6362615683462,6.280190058683941],[-75.63469728411991,6.280091602050151],[-75.63385801263831,6.279364325908327],[-75.63352407846979,6.279418781623088],[-75.63366987470003,6.279794987625379],[-75.63313548544183,6.279913112436827],[-75.63290438364066,6.280410320891005],[-75.63150529219877,6.280546616730237],[-75.63118279547317,6.281138967929587],[-75.63127157839924,6.280366336222627],[-75.63059321372167,6.279513541915327],[-75.63065194536867,6.278811641183753],[-75.630122270368,6.278519819841911],[-75.62850990600207,6.278705072003962],[-75.62804913266119,6.279130665091276],[-75.62670375962094,6.278681215421771],[-75.62556505714075,6.279455037796529],[-75.62462321590844,6.279618055261684],[-75.62322485400527,6.278770108996156],[-75.62319011748315,6.278134608038433],[-75.62238736045157,6.277516249504271],[-75.62147290564353,6.277573156681915],[-75.62170190418084,6.275068970157162],[-75.62438399748571,6.27553087340113],[-75.62534344820432,6.275264079789038],[-75.62632327970694,6.276518314828207],[-75.62789182992724,6.27714303697177],[-75.62904057574681,6.2757609261492],[-75.62998816526998,6.276657972171342],[-75.63067600572212,6.276036418558024],[-75.63162137304938,6.276236226999679],[-75.63226789928157,6.275888287999909],[-75.63361192328354,6.275990858243153],[-75.63396180751212,6.277050568695917],[-75.63478851396017,6.276426904864045],[-75.63591524632021,6.276751234450277],[-75.6356916723637,6.275733403584873],[-75.63619285661171,6.275416113002199],[-75.63729396810965,6.275815851440269],[-75.63854893116012,6.275801888852152],[-75.63887191888651,6.275512381300452],[-75.63831968170318,6.276780163199933],[-75.63924066668878,6.277160845518266],[-75.64045980380607,6.278916944153353],[-75.64002313037196,6.279453979619977],[-75.63969763736331,6.280838746297923],[-75.63929409878962,6.280045325339933],[-75.63837509330708,6.279688077620921],[-75.63791818082002,6.279888389576561],[-75.63738859023857,6.279348606647337],[-75.63791820438482,6.281393035892534],[-75.63671801372503,6.281090464098551]]]}},{"type":"Feature","properties":{"codigo":"7007","nombre":"San José del Manzanillo","comuna":""},"geometry":{"type":"Polygon","coordinates":[[[-75.61056204914752,6.218529697900107],[-75.60996804097964,6.218277927961516],[-75.60995785596455,6.217637946470171],[-75.60946999218898,6.217744841870921],[-75.60921403621461,6.217431388138992],[-75.60987267542986,6.216693727327838],[-75.60924780787997,6.216446360983286],[-75.6085674270574,6.215209281188175],[-75.60835191292315,6.215330320335232],[-75.60900699226134,6.21460236128961],[-75.60826287268719,6.214682370586458],[-75.60777918755309,6.213829425535458],[-75.60863267845569,6.213213289770485],[-75.60824034150933,6.21225286691242],[-75.60888531801304,6.212237783857201],[-75.60917392768046,6.212664193285508],[-75.60934390115888,6.212721641276988],[-75.6089012082784,6.211965331141253],[-75.60809438237344,6.211682602115761],[-75.60675627101043,6.210192010776455],[-75.6076422287684,6.210123970835775],[-75.60875658072717,6.209460087137684],[-75.60809722875821,6.209331776367312],[-75.60755949655672,6.209664708897273],[-75.6074717980656,6.209164011156092],[-75.60602391218055,6.209577255246582],[-75.60702338568498,6.208821463104057],[-75.60723813657356,6.207905222140652],[-75.6070512187474,6.20738315778808],[-75.60603651193277,6.206824829118967],[-75.60596256591315,6.206190305414864],[-75.60605772782539,6.205829395299626],[-75.60652096273614,6.205949725086771],[-75.60679465414754,6.205641783476047],[-75.60753193219618,6.206127645581212],[-75.60926219754771,6.206129371192445],[-75.60998421418458,6.205667096140032],[-75.61047279410404,6.205856235616905],[-75.61082976861054,6.205508083508298],[-75.60989203191126,6.205638294649783],[-75.60846828564416,6.204877462037463],[-75.60794701274116,6.204173639144979],[-75.60682037201121,6.203722832295588],[-75.60635605661642,6.202433102547912],[-75.60580739954797,6.202471564579993],[-75.60590087023445,6.202758732201183],[-75.60522105055291,6.20337446268413],[-75.60402174568408,6.203004699766188],[-75.60301273664082,6.20008876962112],[-75.60216033667596,6.199774298819611],[-75.6012789523386,6.200309491273866],[-75.59997051471983,6.200138601153973],[-75.59988125587479,6.199308650858545],[-75.60217017567834,6.198599322344481],[-75.60278911693433,6.198955255135081],[-75.60351714217332,6.198144369748662],[-75.6049884235563,6.198268737273354],[-75.60580913539924,6.198868695738872],[-75.60692747241923,6.197930120047464],[-75.60885404297312,6.19929769639761],[-75.6123999703935,6.199096971796744],[-75.61389492405605,6.198574973293626],[-75.61419971234967,6.197741402577499],[-75.61689823630789,6.197475975379841],[-75.61543019292354,6.199343348750761],[-75.61544080822867,6.200197658852201],[-75.61480860892318,6.201737583885333],[-75.61616833381942,6.20397343772471],[-75.61688490520673,6.203097967247673],[-75.6176436791397,6.202760391745174],[-75.61699034549981,6.203646403666155],[-75.61699047733276,6.205080803070135],[-75.61603152175894,6.206125047791857],[-75.61680087761806,6.2061988075159],[-75.6179601309659,6.205776818170902],[-75.61837127451844,6.207063519583461],[-75.6161475827956,6.207591078488491],[-75.61533605447656,6.207359116004466],[-75.61446138453975,6.208171314812491],[-75.61564189744149,6.20971108024824],[-75.61801338484122,6.21172534846363],[-75.61754970642484,6.212200008653259],[-75.61600048377966,6.212558750620657],[-75.61449360077995,6.215037441269741],[-75.61197484772174,6.216450959097842],[-75.61111070114755,6.217326436518677],[-75.61056204914752,6.218529697900107]]]}},{"type":"Feature","properties":{"codigo":"9006","nombre":"Santa Elena Sector Central","comuna":""},"geometry":{"type":"Polygon","coordinates":[[[-75.48574707173587,6.205052588623588],[-75.48643332563593,6.204380619224953],[-75.48797197089308,6.204686718846028],[-75.4887097712737,6.204212213512801],[-75.49297788337222,6.205467936074508],[-75.496297699307,6.205268003941012],[-75.49688750265805,6.208094692129312],[-75.49787803764937,6.209128434395796],[-75.49756221816577,6.206481084039448],[-75.49778373667779,6.204983433402034],[-75.49988100149245,6.204962614329895],[-75.50079801326402,6.204034592494169],[-75.50184138239274,6.203950347329104],[-75.50339073922831,6.202927475165479],[-75.50674227211361,6.20169387006985],[-75.50833382457361,6.200164730301854],[-75.50969292007936,6.204004008218317],[-75.50996654953921,6.207505658606157],[-75.50975547743006,6.210131850561101],[-75.51026097935105,6.213570242537362],[-75.51005013470122,6.214118665449784],[-75.50933341326909,6.214635391858118],[-75.5055920137035,6.214497849599715],[-75.50375813763755,6.214961699774824],[-75.50275697513865,6.214455319560371],[-75.50188213208915,6.215182956112511],[-75.50081769679784,6.214982426900316],[-75.49783502235455,6.21559376702765],[-75.49535832363708,6.215466866853746],[-75.49085278308748,6.216961133371879],[-75.49062815213732,6.216118857100425],[-75.48937474152336,6.215052980307704],[-75.48869791507182,6.2136889845112],[-75.4864941773962,6.212380062606925],[-75.48514684614076,6.210852047706094],[-75.48517645079461,6.209516137253062],[-75.48462070197328,6.208939738725759],[-75.48515380880836,6.207924350567358],[-75.48466640806872,6.207528587617108],[-75.48501262954917,6.206747053035228],[-75.48593339321694,6.205980812058467],[-75.48574707173587,6.205052588623588]]]}},{"type":"Feature","properties":{"codigo":"0407","nombre":"Sevilla","comuna":"Comuna 04 Aranjuez"},"geometry":{"type":"Polygon","coordinates":[[[-75.56637356003749,6.269315832146687],[-75.56186454344385,6.267988281987942],[-75.56196424717142,6.266572572626885],[-75.56326165894045,6.264082775960208],[-75.56405303316086,6.263920328644432],[-75.56748165811634,6.264444185774462],[-75.56637356003749,6.269315832146687]]]}},{"type":"Feature","properties":{"codigo":"0304","nombre":"Santa Inés","comuna":"Comuna 03 Manrique"},"geometry":{"type":"Polygon","coordinates":[[[-75.54749225711349,6.27537173313586],[-75.54408367488814,6.274719695218561],[-75.54378448789139,6.272896930252574],[-75.54406234270337,6.27201438267278],[-75.54348260974464,6.272025635496144],[-75.54490414745587,6.270909993626165],[-75.54642611422531,6.271031126647264],[-75.54905381299794,6.269730680299839],[-75.54956833720728,6.270212366455707],[-75.55031625813855,6.270336922974888],[-75.54924644056364,6.27632465930106],[-75.54760071747909,6.276049066739994],[-75.54749225711349,6.27537173313586]]]}},{"type":"Feature","properties":{"codigo":"0519","nombre":"El Progreso","comuna":"Comuna 05 Castilla"},"geometry":{"type":"Polygon","coordinates":[[[-75.57724917074093,6.278867458254184],[-75.57340768091541,6.276287397783981],[-75.57615281420937,6.269602065635269],[-75.57969902020481,6.272216773580061],[-75.57994447418113,6.273529357851143],[-75.5788463313767,6.274761595225198],[-75.57874349758204,6.275932621684357],[-75.57818083424932,6.276698172324386],[-75.57872015921386,6.277213552763002],[-75.57724917074093,6.278867458254184]]]}},{"type":"Feature","properties":{"codigo":"1404","nombre":"Castropol","comuna":"Comuna 14 El Poblado"},"geometry":{"type":"Polygon","coordinates":[[[-75.5652526643534,6.224659502020904],[-75.56507538296569,6.223606303455676],[-75.56545255457908,6.221268252280542],[-75.56634859050482,6.220000351017607],[-75.56592457869229,6.218291727675251],[-75.56446677536297,6.217823882311468],[-75.56430643627816,6.216701750400832],[-75.56371756140506,6.21608022389775],[-75.5634922939264,6.215072224995025],[-75.56412408143898,6.215099351370315],[-75.56448373515967,6.214647338105801],[-75.56644572063661,6.214456370973656],[-75.56692788962833,6.214040517622997],[-75.56996091951603,6.21468916054125],[-75.56919251959623,6.226490175880823],[-75.5685234542496,6.226495826697492],[-75.568278977798,6.225621175734602],[-75.56679009706174,6.225390645369432],[-75.56647391671714,6.224669678446952],[-75.5652526643534,6.224659502020904]]]}},{"type":"Feature","properties":{"codigo":"0508","nombre":"Belalcázar","comuna":"Comuna 05 Castilla"},"geometry":{"type":"Polygon","coordinates":[[[-75.56300763907542,6.296355273371717],[-75.56142086690033,6.294735439479237],[-75.56285641961131,6.293253951098629],[-75.5643841746923,6.294367005771552],[-75.56513834080938,6.294544381642807],[-75.56573121077035,6.29553791340425],[-75.56696841499372,6.296478258148549],[-75.56603657639866,6.298865515199373],[-75.56520769197948,6.297796647230303],[-75.56300763907542,6.296355273371717]]]}},{"type":"Feature","properties":{"codigo":"1007","nombre":"Guayaquil","comuna":"Comuna 10 La Candelaria"},"geometry":{"type":"Polygon","coordinates":[[[-75.57080403574243,6.249650336124922],[-75.57153579493684,6.247885211014351],[-75.56827897699569,6.246723540529959],[-75.56987857855813,6.244333504311281],[-75.57524260610813,6.246265828641617],[-75.57511900962356,6.250778076740096],[-75.57419244001902,6.250988276019791],[-75.57080403574243,6.249650336124922]]]}},{"type":"Feature","properties":{"codigo":"9005","nombre":"El Placer","comuna":""},"geometry":{"type":"Polygon","coordinates":[[[-75.49354320918665,6.232246950650729],[-75.49196276400485,6.228871673769689],[-75.49066881408649,6.227188929277972],[-75.49022352494158,6.225866798630507],[-75.49008489067987,6.223249832363569],[-75.4909743815846,6.220700405614267],[-75.4902171192439,6.218337968100752],[-75.49085278308748,6.216961133371879],[-75.49535832363708,6.215466866853746],[-75.49783502235455,6.21559376702765],[-75.5000799437181,6.215056162508712],[-75.50188213208915,6.215182956112511],[-75.50236698302311,6.214803323235227],[-75.50305195887942,6.215383495522736],[-75.50316782016488,6.215953050557443],[-75.50156556336363,6.218304840660041],[-75.50156551018625,6.218726722049611],[-75.50193399516901,6.221827599296067],[-75.5037992543752,6.223504808793897],[-75.50314568455924,6.22454888585299],[-75.50251331307975,6.224612090386843],[-75.50327195547888,6.226183692674462],[-75.50336667376354,6.227301691189711],[-75.50044726183977,6.227185305566975],[-75.49871847705595,6.229579258400963],[-75.49790689360853,6.22989556191706],[-75.49755902439856,6.230391226080019],[-75.49566189089026,6.230549173559295],[-75.4949345034493,6.231709247578731],[-75.49470241360395,6.233291269573033],[-75.49354320918665,6.232246950650729]]]}},{"type":"Feature","properties":{"codigo":"7005","nombre":"Altavista Sector Central","comuna":""},"geometry":{"type":"Polygon","coordinates":[[[-75.61404893050721,6.230868094705504],[-75.61632361338476,6.230247765892709],[-75.61513934823272,6.228954482710732],[-75.61617837358567,6.228351531762906],[-75.61591409998444,6.22795451839161],[-75.61528662213658,6.227985818072707],[-75.61429150296178,6.227278265682415],[-75.61266861996309,6.226800741284289],[-75.61212835061292,6.22710216345527],[-75.61192544549122,6.228012485877055],[-75.61095987763824,6.228055705908655],[-75.6106110131058,6.229236897005586],[-75.6102248165694,6.229280509975701],[-75.60987333712373,6.229020575557955],[-75.60986604624713,6.227094119778025],[-75.60943485128016,6.226549299970122],[-75.60985747189184,6.22658190208966],[-75.60955783808768,6.225076572171794],[-75.60974799890208,6.224949142179987],[-75.60995387415616,6.225394131621236],[-75.61039526891733,6.22506751080163],[-75.6111776291924,6.225279352635272],[-75.6115460380995,6.224893251772493],[-75.61118303588381,6.224442152727023],[-75.61171298696088,6.224045773891754],[-75.61133365621863,6.223428085566897],[-75.61171580263296,6.223482344449985],[-75.61194924167272,6.223036485886801],[-75.61240651498584,6.223123961353031],[-75.61258736197823,6.222392299551076],[-75.61285600768815,6.22283448419138],[-75.61361689883512,6.223120255667332],[-75.61458775232572,6.22246307569333],[-75.6182169340112,6.222539849739525],[-75.61739710201925,6.22232333905809],[-75.61777652755823,6.222227430489204],[-75.61724555987139,6.221433387149507],[-75.61725120441479,6.221289142951451],[-75.62014340655091,6.223094858546601],[-75.62313663439555,6.2235586255795],[-75.62517070423385,6.223273640205062],[-75.62611901160207,6.221121940549781],[-75.62650873948635,6.219054677540037],[-75.6275836458395,6.218158058794596],[-75.62703535902885,6.215964335234144],[-75.62836299819809,6.213285235970546],[-75.62856300344322,6.211196898633589],[-75.63043883556838,6.210057600013926],[-75.63132411980735,6.210057495955308],[-75.63362144460893,6.208432971751895],[-75.63465474245203,6.212166497290565],[-75.63451799909551,6.214297017505506],[-75.63340131083912,6.218072998071055],[-75.63312786129963,6.222734823983445],[-75.63597343621969,6.222333678750916],[-75.63632125927799,6.222523480115522],[-75.63795516754021,6.224864710196607],[-75.63966276424715,6.226446537776315],[-75.63819795089996,6.227712378617324],[-75.63365553329284,6.228419612868687],[-75.63136839915292,6.227850351209692],[-75.62862813260867,6.227787389639105],[-75.62303177214686,6.228673951463906],[-75.61996470064189,6.227830497998299],[-75.61854200472386,6.229212297742293],[-75.61763577976085,6.231047568829879],[-75.61625513417019,6.23139574823308],[-75.61404893050721,6.230868094705504]]]}},{"type":"Feature","properties":{"codigo":"0912","nombre":"El Salvador","comuna":"Comuna 09 Buenos Aires"},"geometry":{"type":"Polygon","coordinates":[[[-75.560744000271,6.241970540714658],[-75.5607852482727,6.239825725729055],[-75.5610839397959,6.239530789487135],[-75.5609755400519,6.23896576852283],[-75.56033864982881,6.238397348526246],[-75.56117035551479,6.237465077913776],[-75.5597204206579,6.236206192044511],[-75.55939464422512,6.235534942833918],[-75.55859231796332,6.235440005175097],[-75.55829081950706,6.23494391220589],[-75.56009196345688,6.234846760029886],[-75.56024612453727,6.23357320679348],[-75.56078873817467,6.232612680663657],[-75.56172317666699,6.233149462220208],[-75.56243516563632,6.23283305991987],[-75.5648144648945,6.233958600431211],[-75.56306298420712,6.23671136293991],[-75.56279139075966,6.237647033794564],[-75.56303190788292,6.238963532312567],[-75.56411823572967,6.240536557134516],[-75.56211604494331,6.24232991064378],[-75.56131314150909,6.242353631644445],[-75.560744000271,6.241970540714658]]]}},{"type":"Feature","properties":{"codigo":"7001","nombre":"Buga Patio Bonito","comuna":""},"geometry":{"type":"Polygon","coordinates":[[[-75.63966276424715,6.226446537776315],[-75.63795516754021,6.224864710196607],[-75.63632125927799,6.222523480115522],[-75.63597343621969,6.222333678750916],[-75.63312786129963,6.222734823983445],[-75.63340131083912,6.218072998071055],[-75.63451799909551,6.214297017505506],[-75.63465474245203,6.212166497290565],[-75.63365307379328,6.208527890938977],[-75.63762685284327,6.206113148792318],[-75.63950843102705,6.207551773382834],[-75.64133971167948,6.208062049992097],[-75.65172747801016,6.20821630956782],[-75.65322397930726,6.21002567710059],[-75.65362300003252,6.214787304592707],[-75.65350825990664,6.215426170218486],[-75.65262376452296,6.216547599325311],[-75.65345763819111,6.218503718623753],[-75.65436264398316,6.223465029844783],[-75.64871606791706,6.226012807002226],[-75.64701927786469,6.226392755667208],[-75.64501674262074,6.226087187006942],[-75.64339374791099,6.226625319402839],[-75.64177060060808,6.226087649846808],[-75.63966276424715,6.226446537776315]]]}},{"type":"Feature","properties":{"codigo":"7006","nombre":"La Esperanza","comuna":""},"geometry":{"type":"Polygon","coordinates":[[[-75.62014340655091,6.223094858546601],[-75.61696141859905,6.220995780754101],[-75.61622978738446,6.221079958697302],[-75.61572132188437,6.219729950681495],[-75.61510219593816,6.220211954516525],[-75.61477862944527,6.21973255648941],[-75.61330653423573,6.21992854287828],[-75.61226589016519,6.219599182929374],[-75.61219342407281,6.218869146697728],[-75.61063808422747,6.218593272158762],[-75.611584924007,6.216799043375406],[-75.61449360077995,6.215037441269741],[-75.61600048377966,6.212558750620657],[-75.61754970642484,6.212200008653259],[-75.6190672124842,6.210818202267442],[-75.62076396065561,6.21032232505759],[-75.62371494171396,6.21059624663361],[-75.62681323303707,6.208707992713294],[-75.63363198280123,6.208422422848563],[-75.63132411980735,6.210057495955308],[-75.63043883556838,6.210057600013926],[-75.62856300344322,6.211196898633589],[-75.62836299819809,6.213285235970546],[-75.62703535902885,6.215964335234144],[-75.6275836458395,6.218158058794596],[-75.62650873948635,6.219054677540037],[-75.62611901160207,6.221121940549781],[-75.62517070423385,6.223273640205062],[-75.62313663439555,6.2235586255795],[-75.62014340655091,6.223094858546601]]]}},{"type":"Feature","properties":{"codigo":"9009","nombre":"El Plan","comuna":""},"geometry":{"type":"Polygon","coordinates":[[[-75.5074047301599,6.214719549758352],[-75.50960743705562,6.214582687414825],[-75.51026097935105,6.213570242537362],[-75.50975547743006,6.210131850561101],[-75.50996654953921,6.207505658606157],[-75.50969292007936,6.204004008218317],[-75.50847073400064,6.201029604341663],[-75.50789144847776,6.197897064653572],[-75.50794444911604,6.195197024336994],[-75.50876268332964,6.19300805378814],[-75.52018231932092,6.196167226492809],[-75.522657439092,6.195736031400608],[-75.52485619815988,6.195780531947229],[-75.52595514451338,6.195059464320413],[-75.52874446889321,6.190863799384879],[-75.52846484672723,6.187593054981614],[-75.53063499085498,6.188459551160649],[-75.53304822575667,6.190315998421486],[-75.53348020870851,6.191919179994311],[-75.53318503935289,6.193195354181068],[-75.53265807420281,6.193585560878114],[-75.5341965563167,6.196391178265506],[-75.53433345090662,6.198120904063442],[-75.53347970666006,6.199586889671798],[-75.53419616633171,6.202466281844769],[-75.53288929488517,6.203077925880021],[-75.53183525277235,6.205187264798867],[-75.53074971799991,6.205419223789232],[-75.53018052912944,6.206558264329076],[-75.53094954088292,6.211367773830804],[-75.53203496837742,6.212886624706648],[-75.53130769558918,6.213877997056927],[-75.53011673735233,6.214310341155113],[-75.52923146423826,6.214046600994775],[-75.52890465172588,6.215354411187334],[-75.52853575575779,6.215670794908132],[-75.52659659506575,6.21495344539256],[-75.52077898463429,6.214604902675637],[-75.51983038974207,6.215343109597921],[-75.51762773832898,6.214878833880806],[-75.51492954956699,6.216397342425185],[-75.51365430489398,6.216376118997176],[-75.5131483716466,6.216861229219794],[-75.51188376733694,6.215869673643635],[-75.50994446012432,6.216692133671344],[-75.50933327901829,6.215837754770308],[-75.50892223280007,6.21598536786922],[-75.50755222356216,6.215194184036125],[-75.5074047301599,6.214719549758352]]]}},{"type":"Feature","properties":{"codigo":"7008","nombre":"El Jardín","comuna":""},"geometry":{"type":"Polygon","coordinates":[[[-75.61543019292354,6.199343348750761],[-75.61790249571816,6.196171467566982],[-75.61916937437806,6.195875036382524],[-75.6208916142615,6.196606011681761],[-75.62208850665145,6.196302554650045],[-75.6270403960108,6.196674734255498],[-75.62954527374937,6.196245506009422],[-75.63022931657517,6.197455205260819],[-75.63046739045383,6.199186021080092],[-75.63232258193122,6.200971809296923],[-75.6338551152111,6.201219189488866],[-75.63641975163182,6.203457216410484],[-75.63762685284327,6.206113148792318],[-75.63365307379328,6.208527890938977],[-75.631450383158,6.20832776478339],[-75.62681323303707,6.208707992713294],[-75.62371494171396,6.21059624663361],[-75.62076396065561,6.21032232505759],[-75.6190672124842,6.210818202267442],[-75.61801338484122,6.21172534846363],[-75.61564189744149,6.20971108024824],[-75.61446138453975,6.208171314812491],[-75.61533605447656,6.207359116004466],[-75.6161475827956,6.207591078488491],[-75.61837127451844,6.207063519583461],[-75.6179601309659,6.205776818170902],[-75.61680087761806,6.2061988075159],[-75.61603152175894,6.206125047791857],[-75.61699047733276,6.205080803070135],[-75.61699034549981,6.203646403666155],[-75.6176436791397,6.202760391745174],[-75.61688490520673,6.203097967247673],[-75.61616833381942,6.20397343772471],[-75.61480860892318,6.201737583885333],[-75.61544080822867,6.200197658852201],[-75.61543019292354,6.199343348750761]]]}},{"type":"Feature","properties":{"codigo":"9008","nombre":"El Llano SE","comuna":""},"geometry":{"type":"Polygon","coordinates":[[[-75.496297699307,6.205268003941012],[-75.49520184381456,6.203801813918394],[-75.4945488104432,6.201048944307141],[-75.49270510731992,6.196766583127129],[-75.49341128005089,6.196270972449325],[-75.4939487337107,6.196460894883331],[-75.49541368314908,6.196081405383974],[-75.49738482178424,6.193255061809745],[-75.49718336873542,6.19200179619616],[-75.49828623062686,6.191394624396736],[-75.49808220901546,6.190075180485485],[-75.49853645811312,6.189818250591664],[-75.50137856476586,6.189461875641211],[-75.50366548222702,6.189915566581048],[-75.50685238239271,6.191104947415345],[-75.50876268332964,6.19300805378814],[-75.50787060181199,6.195861479938612],[-75.50833382457361,6.200164730301854],[-75.50674227211361,6.20169387006985],[-75.50339073922831,6.202927475165479],[-75.50184138239274,6.203950347329104],[-75.50079801326402,6.204034592494169],[-75.49988100149245,6.204962614329895],[-75.49778373667779,6.204983433402034],[-75.49756221816577,6.206481084039448],[-75.49787803764937,6.209128434395796],[-75.49688750265805,6.208094692129312],[-75.496297699307,6.205268003941012]]]}},{"type":"Feature","properties":{"codigo":"8007","nombre":"La Verde","comuna":""},"geometry":{"type":"Polygon","coordinates":[[[-75.65181421896443,6.208392108302134],[-75.64380966912596,6.207944804040835],[-75.64169533240768,6.208090758108525],[-75.63975548655593,6.20767393241492],[-75.63769571612063,6.206357121252414],[-75.63641975163182,6.203457216410484],[-75.6338551152111,6.201219189488866],[-75.63232258193122,6.200971809296923],[-75.63046739045383,6.199186021080092],[-75.63022931657517,6.197455205260819],[-75.62937360703322,6.195891031175862],[-75.62906311376294,6.194137026365532],[-75.62706958126888,6.191903566901099],[-75.62734322562083,6.189481632766671],[-75.62917282496879,6.187775135172012],[-75.62975078371328,6.186368031355219],[-75.63157000193655,6.185946628496088],[-75.63250855855541,6.185342622049745],[-75.63323964916637,6.184204174800068],[-75.6346876608414,6.183562041892261],[-75.63489357933585,6.18255718284415],[-75.63545467652585,6.182272703738131],[-75.63535182971438,6.181868795312963],[-75.63660913388044,6.180852067857632],[-75.63718559507876,6.180617084285994],[-75.63738170873302,6.181670506636939],[-75.63805188443341,6.181955187686665],[-75.63808191522644,6.182789155563121],[-75.63929582326143,6.183477190071391],[-75.63892784775932,6.184400482852073],[-75.63947519856119,6.186292872537792],[-75.63913949014007,6.186490791534005],[-75.63915545395004,6.187035870416282],[-75.6407132750165,6.188134367503025],[-75.6407825121813,6.187327418699453],[-75.64136980422047,6.187238829856314],[-75.6416550442349,6.187967634037646],[-75.6424173378996,6.18756827080533],[-75.64242103923493,6.187180478385972],[-75.64314089789573,6.187767427067842],[-75.64394374423303,6.187945860584183],[-75.64417590839977,6.188826128388959],[-75.64531178047054,6.190030078538941],[-75.64738520737662,6.189134162512289],[-75.64924340747122,6.189654110050632],[-75.65005885720176,6.188189880784882],[-75.65065218123247,6.187665983867915],[-75.65091588231107,6.187555903096945],[-75.65080150057634,6.18798979549087],[-75.65191576373984,6.188273252189514],[-75.65211855196155,6.188006313852215],[-75.65269233758758,6.188577906365262],[-75.65340936877728,6.188499925218495],[-75.65388770134706,6.187911328453509],[-75.65459433657901,6.188731764976509],[-75.65587008822448,6.189279527164945],[-75.6565543094323,6.18791975177353],[-75.65703101019221,6.188363894446711],[-75.65768172356961,6.188028616823857],[-75.65682556537094,6.190984786312065],[-75.65745805888139,6.191997197329676],[-75.658670082,6.192397780045698],[-75.6595449464355,6.193262488212663],[-75.66005081081089,6.193283494615896],[-75.66076770669478,6.194770502729142],[-75.66115766406392,6.194896999799482],[-75.66153767369879,6.198388003913857],[-75.66194887016435,6.199410995048289],[-75.66084243172234,6.20024440533102],[-75.65753329127088,6.200687949680346],[-75.65545687335799,6.199158974134787],[-75.65278126801171,6.207132972893921],[-75.65181421896443,6.208392108302134]]]}},{"type":"Feature","properties":{"codigo":"9007","nombre":"El Cerro","comuna":""},"geometry":{"type":"Polygon","coordinates":[[[-75.48574707173587,6.205052588623588],[-75.48554124332934,6.20406700662646],[-75.48581385989208,6.203384984340635],[-75.48575593561371,6.201423126051099],[-75.48431729208785,6.199987640801482],[-75.4842183082374,6.199280941761184],[-75.48292594068586,6.197741765225537],[-75.48302633730377,6.196783190762391],[-75.48391882217977,6.195728662662337],[-75.48385732918568,6.19404440400981],[-75.48521854482745,6.192446660316497],[-75.48477045148258,6.190150248858501],[-75.48928382776266,6.190848454196926],[-75.49307940598437,6.190813811839842],[-75.49569614648891,6.19188815799557],[-75.49718336873542,6.19200179619616],[-75.49738482178424,6.193255061809745],[-75.49541368314908,6.196081405383974],[-75.4939487337107,6.196460894883331],[-75.49341128005089,6.196270972449325],[-75.49270510731992,6.196766583127129],[-75.4945488104432,6.201048944307141],[-75.49520184381456,6.203801813918394],[-75.496297699307,6.205268003941012],[-75.49297788337222,6.205467936074508],[-75.4887097712737,6.204212213512801],[-75.48797197089308,6.204686718846028],[-75.48643332563593,6.204380619224953],[-75.48574707173587,6.205052588623588]]]}},{"type":"Feature","properties":{"codigo":"8003","nombre":"Montañita","comuna":""},"geometry":{"type":"Polygon","coordinates":[[[-75.6665219227541,6.194959314314179],[-75.66732286400806,6.194916977379735],[-75.66427706526446,6.194442921379795],[-75.66300176535375,6.193841969253675],[-75.66294900259885,6.193462284086624],[-75.6624326247949,6.193578394892742],[-75.66197930301865,6.192703069803158],[-75.6650244253735,6.189538409373426],[-75.66684778932387,6.190455666142966],[-75.66639495825315,6.192259294264396],[-75.6682813350257,6.191953078834732],[-75.66898766604318,6.193197496170808],[-75.67173829366183,6.193249701585599],[-75.67290796969586,6.192606102507955],[-75.6737089144679,6.192605943405882],[-75.67459397682839,6.191645986596686],[-75.67553187179851,6.191392668387158],[-75.6763953046583,6.187743216707112],[-75.67781790353693,6.187162837213115],[-75.67911382429814,6.18556996526634],[-75.68075792082769,6.185917672341877],[-75.68241235340157,6.185316137726406],[-75.68352954581295,6.185779966272265],[-75.68499180487373,6.185565728210196],[-75.68486550194932,6.186895648485482],[-75.68569011023448,6.187929200686255],[-75.68393066843531,6.188796332277087],[-75.68308802169041,6.190863735596546],[-75.67993736007634,6.192826156784083],[-75.6791049946347,6.193765018641162],[-75.67838871640453,6.195494881881105],[-75.6775774218022,6.196433735959427],[-75.67828378501672,6.197699234373246],[-75.67861081649566,6.199270675198869],[-75.67825259207612,6.199745366166352],[-75.6782211833293,6.200747340787568],[-75.67678804942936,6.201517570351834],[-75.67409016134211,6.201897808810245],[-75.67157120229548,6.201107279042779],[-75.6712234831359,6.201444852620877],[-75.66936865667269,6.201571773781613],[-75.66754562588304,6.202658463988406],[-75.66660792942484,6.204114129575662],[-75.66598613300809,6.204135339139034],[-75.66655494567476,6.202553177901454],[-75.66616479566066,6.201424716751914],[-75.66667054306505,6.200770706515878],[-75.66488943796357,6.20061282988778],[-75.66298163497453,6.199157682302237],[-75.66266541089992,6.198830779908226],[-75.66483638218136,6.198629995528093],[-75.6638667572166,6.198355947943495],[-75.66353994657503,6.197765373316926],[-75.66291814572993,6.197723295789777],[-75.66263341905736,6.196721377122386],[-75.66302330006742,6.196404896344454],[-75.6637821476391,6.196700078152569],[-75.66401390202061,6.196141042829765],[-75.66614265184548,6.195644942028829],[-75.6665219227541,6.194959314314179]]]}},{"type":"Feature","properties":{"codigo":"AUC2","nombre":"San Antonio de Prado","comuna":""},"geometry":{"type":"Polygon","coordinates":[[[-75.64451696220574,6.189188824323779],[-75.64394374423303,6.187945860584183],[-75.64314089789573,6.187767427067842],[-75.64242103923493,6.187180478385972],[-75.6424173378996,6.18756827080533],[-75.64178908192696,6.187828553808887],[-75.64200162579597,6.18769971407155],[-75.64156557111329,6.187252576629813],[-75.6407825121813,6.187327418699453],[-75.6407132750165,6.188134367503025],[-75.63915082370157,6.18703092953059],[-75.63962922877124,6.186436218633595],[-75.63892784775932,6.184400482852073],[-75.63929582326143,6.183477190071391],[-75.63814459374781,6.182872770592567],[-75.63805188443341,6.181955187686665],[-75.63738170873302,6.181670506636939],[-75.63628430047486,6.178066944700801],[-75.63524716576377,6.177780045331184],[-75.635269033331,6.176591238872278],[-75.63451735526574,6.175653703548086],[-75.63521263020102,6.175294265027123],[-75.6360346379474,6.174180726353854],[-75.63797518203408,6.173876982999005],[-75.6397846565334,6.17295336317273],[-75.64204199675143,6.17265993979258],[-75.64216724062436,6.17229737782892],[-75.6428831701184,6.171988903006328],[-75.6432663873179,6.172222162058803],[-75.64356868283072,6.171913492105394],[-75.64349003447305,6.17148108592471],[-75.6438954146605,6.171754778494567],[-75.64537100575191,6.171763065522384],[-75.64631004263572,6.171376616044356],[-75.64771400017615,6.171648496751854],[-75.64696007735297,6.169983417396845],[-75.64620638732264,6.16989764466306],[-75.6460567242658,6.169512323554768],[-75.64624234143612,6.168689625400006],[-75.64593234356029,6.168280594676662],[-75.64543513771278,6.165498503917349],[-75.64656817699326,6.165448616892761],[-75.64694551868874,6.165587549357835],[-75.64696166521098,6.167586265256234],[-75.64766952390997,6.167855995603555],[-75.64862998545962,6.167641206947618],[-75.6476090502027,6.169010763008712],[-75.64875351416204,6.168574566354092],[-75.64846060889037,6.16990450734901],[-75.64804846415868,6.170182884430537],[-75.64840474907457,6.170863712721963],[-75.64909364234805,6.171183248139672],[-75.64894261435842,6.171730355768865],[-75.64911946541227,6.171408781814757],[-75.64991255937541,6.171768137503866],[-75.65119089440753,6.171742835439543],[-75.65240440074389,6.170740993966558],[-75.65278528884777,6.170854001611811],[-75.65313721537416,6.171583382941797],[-75.65339036667616,6.171420073216897],[-75.65306569711795,6.171631227140979],[-75.65250344320357,6.171093353565656],[-75.65210811189786,6.17115586658103],[-75.65205019830782,6.172624757530676],[-75.65110457340931,6.17250514845263],[-75.65107219990124,6.173555857125097],[-75.6521074315931,6.173546781822388],[-75.65278367122562,6.176493822587018],[-75.65404114425029,6.177735535635914],[-75.65392328703635,6.178577434913512],[-75.65060332611924,6.178316364687896],[-75.65071416610627,6.178976833447869],[-75.6491283859783,6.179870953025331],[-75.6499621299096,6.180172386714159],[-75.64822123957246,6.18043579133368],[-75.64807362328698,6.18074354738653],[-75.6494511988838,6.180970434482269],[-75.64976121018309,6.181399802124368],[-75.65031329109287,6.180991772364333],[-75.65170054245299,6.181754334615939],[-75.65211434241593,6.181584763099649],[-75.65231032799838,6.182100031668299],[-75.65309331797715,6.181710042011002],[-75.65381718423605,6.182307718442648],[-75.65619686391321,6.182540118491338],[-75.65766442587763,6.181199281797258],[-75.66002705945975,6.181802736422781],[-75.66055482862208,6.18136254437546],[-75.66140712761135,6.181556876565108],[-75.66140660242708,6.180652767182771],[-75.66227049108745,6.179463981521465],[-75.66266245395097,6.179385027721016],[-75.66314218627994,6.179932388839865],[-75.66278668493356,6.1802248075459],[-75.66302140666686,6.181942627086002],[-75.66353727043139,6.182175406451185],[-75.66163153772212,6.181887479902762],[-75.66149217324306,6.182911023258382],[-75.66060125366928,6.183442382744583],[-75.66024100951972,6.184510044194295],[-75.66033634644573,6.185039692099759],[-75.66086233880291,6.185274857067025],[-75.66018420672434,6.185589722804602],[-75.66286331070799,6.187597289479005],[-75.6623474001898,6.188270721635396],[-75.66117521373998,6.187791698338758],[-75.65984128072279,6.188646241913261],[-75.65936896018559,6.188424921913334],[-75.65911972801906,6.187809690519294],[-75.65853008859786,6.187634203222294],[-75.65836852232547,6.186994221201291],[-75.65731959622386,6.188280555189931],[-75.6565543094323,6.18791975177353],[-75.6559343952896,6.189278150125068],[-75.65459433657901,6.188731764976509],[-75.65388770134706,6.187911328453509],[-75.65340936877728,6.188499925218495],[-75.65269233758758,6.188577906365262],[-75.65211855196155,6.188006313852215],[-75.65191576373984,6.188273252189514],[-75.65080150057634,6.18798979549087],[-75.65091588231107,6.187555903096945],[-75.65005885720176,6.188189880784882],[-75.64924340747122,6.189654110050632],[-75.64738520737662,6.189134162512289],[-75.64531178047054,6.190030078538941],[-75.64451696220574,6.189188824323779]]]}},{"type":"Feature","properties":{"codigo":"8001","nombre":"La Florida","comuna":""},"geometry":{"type":"Polygon","coordinates":[[[-75.65832017726062,6.171275722296958],[-75.65958045274273,6.169180293063387],[-75.66044191126397,6.168810187781889],[-75.66125289453825,6.167721735349907],[-75.66318734034752,6.166358853071132],[-75.6634841126877,6.165752149487539],[-75.66505780223476,6.164672070367007],[-75.66566497101527,6.164608804469215],[-75.66761994355372,6.162905723118686],[-75.66836328115038,6.163041794314148],[-75.66989726970077,6.164135629099929],[-75.67181416058686,6.166236006111006],[-75.67430855640197,6.167777089651917],[-75.67631652168816,6.167128612357195],[-75.67732664569512,6.165706163925847],[-75.67905948710201,6.164124680847181],[-75.67947718521843,6.163250195060884],[-75.68044969802227,6.164475082695154],[-75.6820622184324,6.168578406213904],[-75.67961613170893,6.168610211440581],[-75.67558080169022,6.172724388936834],[-75.67456924564875,6.173357415279185],[-75.67387395241605,6.174559917669223],[-75.67309412877533,6.174644448035667],[-75.6724409621734,6.175741469163817],[-75.67044948961401,6.177239535992569],[-75.6680469201753,6.178284150231847],[-75.66626593049031,6.178347763402795],[-75.66573912243152,6.178980683289845],[-75.66469582926409,6.179065251355297],[-75.66359975068734,6.17864356701401],[-75.66246319760734,6.179451857258533],[-75.66140415733783,6.17968670816364],[-75.6613154434421,6.18009490326128],[-75.66059542937708,6.180413648210454],[-75.65884374073221,6.179998247226918],[-75.65895333417319,6.179125845860031],[-75.65860975300876,6.178792062897073],[-75.6590591631906,6.178054233381674],[-75.6590505411084,6.177338810241986],[-75.65876489543206,6.177254123295616],[-75.65894851680083,6.176772016620938],[-75.65760147926089,6.176238106452615],[-75.6574631214073,6.175371298347541],[-75.65817995298588,6.174496100556037],[-75.65781804204514,6.173863004850259],[-75.6571025646106,6.17359357613874],[-75.65676093193537,6.172776371031588],[-75.65682189515279,6.172179789213257],[-75.65732206908102,6.172110447920361],[-75.65778117954417,6.171553052357652],[-75.65851233800808,6.171731665704594],[-75.65832017726062,6.171275722296958]]]}},{"type":"Feature","properties":{"codigo":"8006","nombre":"El Salado","comuna":""},"geometry":{"type":"Polygon","coordinates":[[[-75.65436264398316,6.223465029844783],[-75.65345763819111,6.218503718623753],[-75.65262376452296,6.216547599325311],[-75.65350825990664,6.215426170218486],[-75.65362300003252,6.214787304592707],[-75.65322397930726,6.21002567710059],[-75.65181421896443,6.208392108302134],[-75.65278126801171,6.207132972893921],[-75.65545687335799,6.199158974134787],[-75.65753329127088,6.200687949680346],[-75.66084243172234,6.20024440533102],[-75.66194887016435,6.199410995048289],[-75.66153767369879,6.198388003913857],[-75.66115766406392,6.194896999799482],[-75.66373977944222,6.195508269185709],[-75.6665219227541,6.194959314314179],[-75.66614265184548,6.195644942028829],[-75.66401390202061,6.196141042829765],[-75.6637821476391,6.196700078152569],[-75.66302330006742,6.196404896344454],[-75.66263341905736,6.196721377122386],[-75.66291814572993,6.197723295789777],[-75.66353994657503,6.197765373316926],[-75.6638667572166,6.198355947943495],[-75.66483638218136,6.198629995528093],[-75.66266541089992,6.198830779908226],[-75.66298163497453,6.199157682302237],[-75.66488943796357,6.20061282988778],[-75.66667054306505,6.200770706515878],[-75.66616479566066,6.201424716751914],[-75.66655494567476,6.202553177901454],[-75.66598613300809,6.204135339139034],[-75.66660792942484,6.204114129575662],[-75.66754562588304,6.202658463988406],[-75.66936865667269,6.201571773781613],[-75.6712234831359,6.201444852620877],[-75.67157120229548,6.201107279042779],[-75.67482789284901,6.201929302471386],[-75.67678804942936,6.201517570351834],[-75.67836871138941,6.20066293444537],[-75.68040277336804,6.200915636550446],[-75.68072934803506,6.200293292978909],[-75.68138272994808,6.20015604191765],[-75.68228874838722,6.198637073572231],[-75.68329010777344,6.199406791233386],[-75.68441775560203,6.199353810517759],[-75.68495503672165,6.198436100673146],[-75.68503914331956,6.197507942919465],[-75.68530262671105,6.197560619873069],[-75.68514510009041,6.20009194281391],[-75.68382787025156,6.200693412669661],[-75.68372266050977,6.201516104193498],[-75.6839861401434,6.201547687617405],[-75.68390200518004,6.202359827793451],[-75.68546198356378,6.203329812779502],[-75.68559924340946,6.204479408906765],[-75.68503042414376,6.20577681911406],[-75.68529406516336,6.206525600650387],[-75.6848410892995,6.207443292515809],[-75.6850733148961,6.20910967202947],[-75.68457796726382,6.209057045763381],[-75.68415679655558,6.210850133239681],[-75.68368263551379,6.211303759710292],[-75.68176462449023,6.2118104316067],[-75.68157483727718,6.21142023244319],[-75.67997286019612,6.211272914383798],[-75.6772855157768,6.211906297191602],[-75.67526190281158,6.211411000514763],[-75.67482990330434,6.211927892813772],[-75.67428184671049,6.211822532092379],[-75.67352313195006,6.212339488079846],[-75.6731014562313,6.211780579306881],[-75.67192116240874,6.212234333939211],[-75.67245890770675,6.213499872423663],[-75.67382918777986,6.214448833669073],[-75.67269100447943,6.214691641805326],[-75.67200567966773,6.21327847365999],[-75.67125752595084,6.213932536672123],[-75.67075162353875,6.213816618131472],[-75.67073067849981,6.214502178739661],[-75.67021433094126,6.214881971836337],[-75.669919385869,6.215673055795331],[-75.67067838406304,6.216569406774995],[-75.67048879578276,6.217181171993125],[-75.6707419684825,6.218372937901382],[-75.66949854567079,6.219470068878384],[-75.66977267538549,6.220039556246015],[-75.66787592620487,6.221759082990897],[-75.66567385343473,6.22527165570681],[-75.66409295154118,6.225314134346581],[-75.66346066009717,6.225715035943173],[-75.6623755402923,6.228183235987743],[-75.66036267840637,6.229185559613857],[-75.6586977368003,6.230915561110969],[-75.65779389385472,6.231341333880233],[-75.65746042202393,6.229556012948192],[-75.65609227264662,6.227615385249189],[-75.65579065001215,6.226223501582505],[-75.65400207440088,6.224106431244246],[-75.65436264398316,6.223465029844783]]]}},{"type":"Feature","properties":{"codigo":"9001","nombre":"Las Palmas","comuna":""},"geometry":{"type":"Polygon","coordinates":[[[-75.52537738633187,6.229721481535987],[-75.5236444307144,6.22902296257451],[-75.52329692093106,6.22558459709847],[-75.52404532085058,6.224371750674192],[-75.52227493927104,6.221650461876015],[-75.52062033474473,6.220859286068164],[-75.51990373544069,6.220047098838785],[-75.51792274472335,6.215838642563075],[-75.51810198884763,6.215026537036995],[-75.51983038974207,6.215343109597921],[-75.52077898463429,6.214604902675637],[-75.52154833008852,6.214784270791113],[-75.52201207629642,6.214552277238774],[-75.52363507736491,6.214963751231649],[-75.52466794059652,6.214710707973031],[-75.52659659506575,6.21495344539256],[-75.52853575575779,6.215670794908132],[-75.52890465172588,6.215354411187334],[-75.52923146423826,6.214046600994775],[-75.5307385578699,6.214183821152546],[-75.53203496485806,6.212928813958323],[-75.53094954088292,6.211367773830804],[-75.53018052912944,6.206558264329076],[-75.53074971799991,6.205419223789232],[-75.53183525277235,6.205187264798867],[-75.53288929488517,6.203077925880021],[-75.53419616633171,6.202466281844769],[-75.53347970666006,6.199586889671798],[-75.53440724853236,6.19772012057877],[-75.5341965563167,6.196391178265506],[-75.53265807420281,6.193585560878114],[-75.53318503935289,6.193195354181068],[-75.53348020870851,6.191919179994311],[-75.53304822575667,6.190315998421486],[-75.53063499085498,6.188459551160649],[-75.52846484672723,6.187593054981614],[-75.5295172846284,6.187027582392417],[-75.53133036657597,6.183544190638454],[-75.53205018973053,6.179235371414521],[-75.53137704882568,6.176388496371089],[-75.53453404411864,6.174710728813389],[-75.53619909289877,6.172266731082079],[-75.53758894790116,6.171462168575367],[-75.5380974583375,6.169920330977808],[-75.5408268935166,6.172727757501494],[-75.54186071745478,6.172738360717023],[-75.54376319076236,6.173442910910879],[-75.54475229410846,6.174417485689854],[-75.54692975495254,6.174758940247197],[-75.54742835757715,6.175149502964451],[-75.55077972815616,6.175939749571108],[-75.55319920475695,6.175848244186541],[-75.5550042737908,6.17514938476214],[-75.55606084808163,6.175488603929703],[-75.5593975232415,6.175492104087953],[-75.5600218241794,6.176172978500619],[-75.55996073832449,6.176602934328415],[-75.5591723853952,6.176638373354426],[-75.55889707219461,6.17736770025088],[-75.55795636689791,6.176933176942685],[-75.55757609396781,6.177210642970646],[-75.55681409226003,6.179337064831925],[-75.5562617103662,6.179697029969877],[-75.55845360798062,6.17967960198393],[-75.55886540513974,6.18092993082006],[-75.55945386397755,6.18156450714211],[-75.55810752560627,6.181881466123384],[-75.55712052808533,6.181116634333738],[-75.55543302696876,6.181246675414824],[-75.55546324786523,6.183268854348385],[-75.55692053382971,6.183731363990272],[-75.556851995617,6.185548730453831],[-75.55615052410323,6.185514520979204],[-75.55540854921384,6.186094919207398],[-75.55477202149962,6.187550370950463],[-75.55358701560644,6.187646302017975],[-75.55403361533538,6.191298473906613],[-75.55451656342943,6.19245625492145],[-75.5539300173415,6.192820266004929],[-75.55413579936926,6.193377333009673],[-75.55355686222187,6.193549503564401],[-75.55348550370707,6.194688583875365],[-75.55200940878345,6.196747325190374],[-75.55161813802182,6.198197308023747],[-75.55206596310185,6.198528875600322],[-75.55190093788174,6.198957987741783],[-75.55153169762482,6.19934303044155],[-75.55091159864911,6.199330044963726],[-75.55082916965458,6.200834918151804],[-75.55151219590627,6.200641712428339],[-75.55139681293265,6.201016148715112],[-75.55083852263937,6.201871346006262],[-75.5496149848036,6.202191891701651],[-75.55034164185453,6.203211105802858],[-75.55037536219506,6.20384459582337],[-75.54840535500632,6.204269052653235],[-75.54829344220553,6.205633659173422],[-75.54760828275477,6.206325968148857],[-75.5482567497281,6.206807426784797],[-75.54762971851339,6.209604932747196],[-75.54710214852598,6.20991815927378],[-75.54762020072859,6.210433930133346],[-75.54738790180411,6.211317966818676],[-75.5477858690259,6.211542985897224],[-75.54685801656642,6.213485705890757],[-75.54715292992354,6.213875365506678],[-75.54697850712546,6.214358442734285],[-75.5472669156768,6.21453581688866],[-75.54879869828837,6.213788791243128],[-75.55143434525839,6.213807442144266],[-75.55140054385974,6.214864915550407],[-75.55397372870888,6.21729454230652],[-75.55619001980945,6.219114343433686],[-75.55748698520178,6.219522333313845],[-75.56033834568017,6.221887466644284],[-75.56070559471274,6.22270395860743],[-75.5602701361296,6.223140464971166],[-75.5595852079308,6.223040043134871],[-75.55924790839659,6.22445051745709],[-75.55930699379684,6.226173652909214],[-75.55631393847256,6.22610143716272],[-75.55591849140065,6.227006858780679],[-75.55508082384978,6.226593723507357],[-75.55448930673235,6.227332781856108],[-75.55410672276194,6.227395149916479],[-75.55402288792892,6.227106877842825],[-75.55393869433215,6.22739559577002],[-75.55333794491855,6.227421345639236],[-75.55186229191166,6.226730167956786],[-75.55173032131218,6.226099871039357],[-75.55094726343631,6.229038485195609],[-75.54973555998468,6.229634473790187],[-75.54884460065149,6.229487101111156],[-75.54866085636583,6.228886628290416],[-75.54895339642833,6.226039972730756],[-75.54794848201374,6.226310283616202],[-75.54667060706166,6.225218177477013],[-75.54634674218241,6.22575451745153],[-75.54605990196514,6.225514791580856],[-75.54551382814721,6.225727812686969],[-75.54486794099618,6.225066937196877],[-75.543853004441,6.224897385009623],[-75.54360421639531,6.22446441440221],[-75.5429225327613,6.224736423758694],[-75.54245208416022,6.224313928498533],[-75.54123725652785,6.225248021681402],[-75.54080978478486,6.224772144630737],[-75.53994265509976,6.224547003510311],[-75.53954027791026,6.224934043715074],[-75.53907068298543,6.224767715802056],[-75.54045564431381,6.226088286582333],[-75.54020394457089,6.227310219417184],[-75.53955938188255,6.227312064782032],[-75.53963922006,6.228362855919997],[-75.53867252499961,6.227445215850545],[-75.53817444074794,6.227360967911634],[-75.53638971593844,6.227728641490865],[-75.53547735884634,6.228532894416669],[-75.53457747460169,6.228760454867116],[-75.53399198825058,6.228109224887329],[-75.53378047891906,6.2283105377208],[-75.53323531428127,6.227980187706263],[-75.5323679093757,6.228084893392278],[-75.53214959231445,6.227061172506842],[-75.53103695113481,6.227313002769193],[-75.53020597312833,6.228046277642993],[-75.52942745235833,6.227285047883973],[-75.52861144281766,6.227946439449576],[-75.5279689881402,6.227375964770326],[-75.52813726047171,6.229584064938874],[-75.52537738633187,6.229721481535987]]]}},{"type":"Feature","properties":{"codigo":"8008","nombre":"San José","comuna":""},"geometry":{"type":"Polygon","coordinates":[[[-75.65546676920482,6.172068968945948],[-75.65387556933233,6.171910008837695],[-75.65369569330302,6.171483939583966],[-75.65313721537416,6.171583382941797],[-75.65278528884777,6.170854001611811],[-75.65240440074389,6.170740993966558],[-75.65119089440753,6.171742835439543],[-75.64970539846927,6.171715529546783],[-75.64923975220785,6.170685917304199],[-75.64939878040228,6.168229864173469],[-75.64841618227567,6.167211699378802],[-75.64917378749209,6.167144149732661],[-75.6498883325638,6.167780632741121],[-75.65450025223976,6.167556050665772],[-75.65607614596028,6.168642430896731],[-75.65586357485417,6.169622402602538],[-75.65931140009859,6.169614344179936],[-75.65863479007807,6.170947736676717],[-75.65760431583129,6.171262524437893],[-75.65741626089734,6.171630912951819],[-75.65546676920482,6.172068968945948]]]}},{"type":"Feature","properties":{"codigo":"5004","nombre":"Palmitas Sector Central","comuna":""},"geometry":{"type":"Polygon","coordinates":[[[-75.66100736046472,6.359320840402591],[-75.65956575416924,6.357589424963199],[-75.65674847220168,6.355568366348846],[-75.65639281911318,6.354955966431813],[-75.65429633044349,6.347571882709763],[-75.65426200974075,6.34570544402706],[-75.65538294623533,6.341899906292814],[-75.65528326476341,6.340563481510539],[-75.65411653702247,6.338305225242775],[-75.65343206396189,6.33522329190865],[-75.6537674693476,6.333643538212036],[-75.6551245025726,6.332579267984238],[-75.6551474932093,6.330013700376687],[-75.65547034128322,6.329278623887207],[-75.65654878789113,6.328198586736558],[-75.65876877032643,6.327136452186776],[-75.66046069404183,6.324959467166456],[-75.66200321036163,6.326755677461749],[-75.66408011343765,6.328052578101648],[-75.66517673441302,6.329708251149112],[-75.66688470386985,6.331005210336937],[-75.66896154031049,6.331806382044728],[-75.6698155526391,6.332565598567617],[-75.67010026423738,6.333019063392636],[-75.66948916603259,6.334622325312073],[-75.67026935174937,6.335170616257729],[-75.67037491144352,6.335898337060292],[-75.6723252486345,6.33658350368003],[-75.6739279127364,6.338228509878915],[-75.67772343209103,6.340685169104038],[-75.68033801057825,6.341760401860499],[-75.67947368294472,6.342203561056309],[-75.67941051100642,6.342572719217396],[-75.68328969798021,6.341759755145057],[-75.68635673592298,6.339090680428269],[-75.68667281383134,6.338331225767397],[-75.6878007568206,6.338267684868953],[-75.68898123238063,6.337444746649182],[-75.69219670183836,6.338561967188791],[-75.69141693585566,6.339901619100761],[-75.69104840413942,6.341705240281362],[-75.69214486234398,6.342200686808982],[-75.69278784014831,6.341915764251211],[-75.69350481113301,6.342464035043093],[-75.6932730579255,6.343149644102876],[-75.69431703526655,6.344562685565781],[-75.69460187404218,6.345427468183182],[-75.69440174007286,6.346081429175656],[-75.6950448659674,6.346387134414298],[-75.69550889193714,6.347146403103408],[-75.69673155300302,6.346365624751013],[-75.69786015009339,6.348854428965077],[-75.69870368902507,6.349603052248814],[-75.69660595702746,6.350025455888684],[-75.69632130564102,6.349941150364275],[-75.69683777221985,6.349592971873445],[-75.6955305636635,6.349540560607969],[-75.6915880717712,6.350279802816883],[-75.68981694963456,6.349932172409848],[-75.68693900457069,6.349911745780626],[-75.68491511168506,6.350587212204507],[-75.68400882485834,6.352011257554575],[-75.68074141440628,6.354743644736628],[-75.67974001107447,6.35514464717029],[-75.6782324942002,6.35510278164119],[-75.67727296834208,6.354143209729029],[-75.67597625516532,6.353911448231209],[-75.67451098996402,6.354259800840013],[-75.66896683169206,6.359049238411712],[-75.66446538774574,6.35921884911715],[-75.66283130270808,6.358892194294151],[-75.66100736046472,6.359320840402591]]]}},{"type":"Feature","properties":{"codigo":"6006","nombre":"Boquerón","comuna":""},"geometry":{"type":"Polygon","coordinates":[[[-75.64260025495628,6.32429375602349],[-75.64529391272325,6.319270054928062],[-75.64655860155167,6.317497970377704],[-75.64601003983982,6.31471364386281],[-75.64628378957788,6.312562014461022],[-75.64694760706095,6.310737283034242],[-75.64687300522577,6.305337228416087],[-75.64838012848541,6.303765495068147],[-75.64901241294899,6.302636868626208],[-75.65051968167958,6.302077640567489],[-75.65098318792163,6.300210747400335],[-75.65181569044907,6.298776221601964],[-75.65249024783868,6.298417515708897],[-75.65433529398102,6.30080083773584],[-75.6542511901068,6.302161414506092],[-75.65477835988051,6.302899617635116],[-75.65523195542083,6.304903474025194],[-75.65579070430313,6.305356900933745],[-75.65547462863186,6.306285089907317],[-75.65586473951254,6.306833468856922],[-75.65586485267723,6.307508476545951],[-75.65701390267158,6.307951256607919],[-75.65975529670135,6.312043018222176],[-75.65992411456163,6.312950030603691],[-75.66288637421995,6.31401474776432],[-75.66408808249479,6.314088356211551],[-75.66674475021074,6.315617174138914],[-75.66892300943648,6.315589476488213],[-75.6698113770255,6.317611660056675],[-75.66999223248523,6.320197801288561],[-75.66939180685648,6.32132448752532],[-75.66582223463476,6.323292451814529],[-75.66374035338293,6.323065835510877],[-75.66058893648388,6.324804319566129],[-75.65876877032643,6.327136452186776],[-75.65654878789113,6.328198586736558],[-75.65547034128322,6.329278623887207],[-75.6551474932093,6.330013700376687],[-75.6551245025726,6.332579267984238],[-75.65383072884737,6.333621565439407],[-75.65258243404236,6.33345699593374],[-75.65025764964686,6.331312481236891],[-75.64910033706362,6.331042006649653],[-75.64747152806173,6.329922365496469],[-75.64485575411993,6.327349252872311],[-75.64378865778349,6.325348677279789],[-75.64260025495628,6.32429375602349]]]}},{"type":"Feature","properties":{"codigo":"6010","nombre":"El Carmelo","comuna":""},"geometry":{"type":"Polygon","coordinates":[[[-75.60549859893412,6.310375179432894],[-75.603960161128,6.308819506099702],[-75.6021435172329,6.309028376946708],[-75.60057852081115,6.30864127109372],[-75.59905942431914,6.307629672603594],[-75.59706318452633,6.307072326208226],[-75.59538458396989,6.307803838978953],[-75.59496912990855,6.307177654162136],[-75.59400988127565,6.306924574025113],[-75.59446307237246,6.305437422155767],[-75.59454730172686,6.303486219791331],[-75.59627588139676,6.300838829977071],[-75.59842615584884,6.299541427332063],[-75.60075564379,6.298708072934562],[-75.60195736040953,6.29956230424327],[-75.60355987751107,6.304002491322798],[-75.60510949384161,6.305278572954794],[-75.6087569972904,6.309286166927005],[-75.60678582117963,6.309423427660496],[-75.60549859893412,6.310375179432894]]]}},{"type":"Feature","properties":{"codigo":"0AE4","nombre":"Área de Expansión El Noral","comuna":""},"geometry":{"type":"Polygon","coordinates":[[[-75.6192563397228,6.240543692535724],[-75.6178945459239,6.2400228964165],[-75.6169409847059,6.238343665725182],[-75.61510898067213,6.237819550902143],[-75.61452136579483,6.237992629593893],[-75.61344464372867,6.237488246767739],[-75.61267893214688,6.236903940174229],[-75.61300301254124,6.236294986467979],[-75.6143007878999,6.236768573961966],[-75.61461955168907,6.236659592641522],[-75.61463026245549,6.236102506435647],[-75.61561084804286,6.236665171973804],[-75.61743477436508,6.236995093710883],[-75.6184506446204,6.236844602172526],[-75.61900586560043,6.237382104966976],[-75.618845973744,6.2395543096032],[-75.61963731389517,6.240065869264202],[-75.62091026246226,6.240278895408369],[-75.62061993235066,6.240638571760914],[-75.6192563397228,6.240543692535724]]]}},{"type":"Feature","properties":{"codigo":"1616","nombre":"Las Violetas","comuna":"Comuna 16 Belen"},"geometry":{"type":"Polygon","coordinates":[[[-75.6184506446204,6.236844602172526],[-75.61743477436508,6.236995093710883],[-75.61556723997984,6.236652737373519],[-75.61201621710462,6.234390731020912],[-75.61141199807521,6.233472059390058],[-75.60956231053119,6.233568260897266],[-75.60980813963583,6.229180296606236],[-75.6106110131058,6.229236897005586],[-75.61090422576848,6.228130772084778],[-75.61124068887607,6.227886683957983],[-75.6119401337537,6.228001230070786],[-75.61216816782452,6.227051417467159],[-75.61300273964915,6.226852730777514],[-75.61528662213658,6.227985818072707],[-75.61585999308299,6.227920721257149],[-75.6161755106283,6.228341347938145],[-75.61513934823272,6.228954482710732],[-75.61632361338476,6.230247765892709],[-75.61389558536895,6.230999063060052],[-75.61535504860849,6.231176884610317],[-75.61604115151479,6.231652294483598],[-75.61537451537399,6.233229924411766],[-75.61552074634362,6.233860974793133],[-75.61483358850673,6.233805407024564],[-75.61486815014949,6.23453959380483],[-75.61732362522915,6.235027854910801],[-75.61896309335175,6.23583830024148],[-75.62030601934246,6.235660590386071],[-75.62164899406584,6.235969960022656],[-75.62279398002808,6.235511957842479],[-75.62205146993257,6.236531401659967],[-75.62171191051131,6.23632336995957],[-75.62079914080876,6.236859064400238],[-75.61990025157259,6.236766490474904],[-75.61904603121657,6.237336112830323],[-75.6184506446204,6.236844602172526]]]}},{"type":"Feature","properties":{"codigo":"1423","nombre":"Santa María de Los Ángeles","comuna":"Comuna 14 El Poblado"},"geometry":{"type":"Polygon","coordinates":[[[-75.57953666802257,6.194305359734807],[-75.57853567538365,6.194524607629663],[-75.5764077651055,6.193664683528896],[-75.5763236266701,6.192596795576482],[-75.57783038929237,6.187473160646584],[-75.57950369793731,6.183690877659],[-75.57990553171072,6.184210620193277],[-75.58049352285595,6.186831766903759],[-75.58164043712259,6.187835725511762],[-75.58290398409174,6.188254227609569],[-75.5832601037384,6.18912426395848],[-75.58150249401483,6.19529294895411],[-75.58013795658142,6.194871497575157],[-75.57953666802257,6.194305359734807]]]}},{"type":"Feature","properties":{"codigo":"1306","nombre":"La Pradera","comuna":"Comuna 13 San Javier"},"geometry":{"type":"Polygon","coordinates":[[[-75.609113962361,6.262170716597244],[-75.6087464012661,6.2625244468373],[-75.6080750127884,6.262272498463203],[-75.60767414287332,6.262700813680539],[-75.60744092161585,6.262435272408633],[-75.6065793156376,6.263142739456161],[-75.6061563386457,6.262405985307861],[-75.60979688434867,6.258303670876145],[-75.61082452835079,6.25815329319033],[-75.61531472819205,6.259619698736292],[-75.61491666626993,6.259832191505516],[-75.61509445772619,6.260295575535626],[-75.6145491573779,6.260679743455261],[-75.61399271885415,6.261938857671781],[-75.61442598622773,6.261863751222547],[-75.61422880760449,6.262584690375252],[-75.61383675790566,6.262832529093269],[-75.61247643056326,6.261856292380148],[-75.61121122435779,6.264000081092401],[-75.609113962361,6.262170716597244]]]}},{"type":"Feature","properties":{"codigo":"1020","nombre":"San Diego","comuna":"Comuna 10 La Candelaria"},"geometry":{"type":"Polygon","coordinates":[[[-75.56532657355832,6.234290835313662],[-75.56621302887712,6.234199306165509],[-75.56723442961955,6.23346139301348],[-75.56561567492854,6.231222778566529],[-75.5664185656133,6.229904025051086],[-75.56656141857258,6.228401071959258],[-75.56478289679202,6.226165843382568],[-75.5652526643534,6.224659502020904],[-75.5657828340515,6.224509209621569],[-75.5665710298619,6.224720530884611],[-75.56685163915222,6.225427936247149],[-75.568278977798,6.225621175734602],[-75.5685234542496,6.226495826697492],[-75.56919251959623,6.226490175880823],[-75.56964365022974,6.22836604118603],[-75.5704019668234,6.238070822391727],[-75.57007561224975,6.237616547798815],[-75.56880464551394,6.240751280775472],[-75.56633779188046,6.239244934852938],[-75.56643942898822,6.237961209613032],[-75.56560209552941,6.236985982024987],[-75.56439662358214,6.236950943179502],[-75.56532657355832,6.234290835313662]]]}},{"type":"Feature","properties":{"codigo":"1316","nombre":"El Salado","comuna":"Comuna 13 San Javier"},"geometry":{"type":"Polygon","coordinates":[[[-75.63119074017095,6.258006601678338],[-75.63068867951807,6.257248405360323],[-75.63018619025313,6.25763267808428],[-75.62971354478195,6.257312932713401],[-75.6286593982111,6.257716479156214],[-75.62784796674333,6.257405810875452],[-75.62660916009591,6.257635348072937],[-75.6256074473795,6.257348428066782],[-75.62415111078894,6.256261488579862],[-75.62276488239497,6.255998334855912],[-75.62158594143364,6.256349898172274],[-75.62174169512822,6.255483142382743],[-75.6213322248973,6.254458239267493],[-75.62210685741739,6.25390783121477],[-75.62308088469935,6.2540964468463],[-75.62503731100217,6.253558341109279],[-75.62568384217175,6.253713085713485],[-75.62845045673271,6.252587257683917],[-75.62900373127407,6.251958893074206],[-75.63203452776396,6.252560036059717],[-75.63149834239663,6.2534331814426],[-75.6320650677772,6.254309326210013],[-75.6315515627739,6.254784474652537],[-75.63163139629259,6.255252645169773],[-75.6302570687805,6.25548228767113],[-75.62909627786539,6.25472176919059],[-75.6287557495729,6.255091822697086],[-75.63039830659301,6.256783920607276],[-75.6303409889413,6.257094445294664],[-75.63102753343881,6.257314359140742],[-75.63119074017095,6.258006601678338]]]}},{"type":"Feature","properties":{"codigo":"0714","nombre":"Bello Horizonte","comuna":"Comuna 07 Robledo"},"geometry":{"type":"Polygon","coordinates":[[[-75.59054512908547,6.285110908227657],[-75.58979915387017,6.284879897118],[-75.58896341710157,6.283983861581476],[-75.58842488139516,6.283979372184866],[-75.58822949361452,6.283356920455597],[-75.58706392194395,6.282157426047326],[-75.58684260409552,6.280857587134228],[-75.58733033402127,6.279822731303624],[-75.58822247096496,6.280643340690689],[-75.59009483131713,6.280730865932867],[-75.59208112644671,6.282656235747388],[-75.59093494460839,6.285454130107416],[-75.59049978785256,6.286087119754826],[-75.59039234147555,6.286206727644141],[-75.59036357522405,6.286230473827236],[-75.59054512908547,6.285110908227657]]]}},{"type":"Feature","properties":{"codigo":"1018","nombre":"Villa Nueva","comuna":"Comuna 10 La Candelaria"},"geometry":{"type":"Polygon","coordinates":[[[-75.56217518799684,6.254707233019789],[-75.55990196683513,6.252744323627287],[-75.5614107231629,6.249999480396827],[-75.56737724407405,6.253742213852479],[-75.56602886630913,6.256810265990881],[-75.5623733792522,6.254549029281056],[-75.56217518799684,6.254707233019789]]]}},{"type":"Feature","properties":{"codigo":"Inst_13","nombre":"Batallón Cuarta Brigada","comuna":"Comuna 11 Laureles Estadio"},"geometry":{"type":"Polygon","coordinates":[[[-75.59043144147503,6.264078212401037],[-75.59175203418656,6.261169435786464],[-75.59328791660775,6.26189371924158],[-75.5930745023885,6.262406766734666],[-75.59356180963117,6.262673432478583],[-75.5923603501186,6.265268058064343],[-75.59043144147503,6.264078212401037]]]}},{"type":"Feature","properties":{"codigo":"1411","nombre":"Los Balsos No.1","comuna":"Comuna 14 El Poblado"},"geometry":{"type":"Polygon","coordinates":[[[-75.5585942434342,6.191837380230018],[-75.55804320700449,6.192374139412255],[-75.55780157893125,6.191863356248329],[-75.5572132844267,6.192146985554532],[-75.55496515279883,6.191751419277051],[-75.55433566753835,6.191118579508424],[-75.55392927531236,6.190033940203989],[-75.55358793071906,6.187644465007987],[-75.55477202149962,6.187550370950463],[-75.55540854921384,6.186094919207398],[-75.55615052410323,6.185514520979204],[-75.556851995617,6.185548730453831],[-75.556879237836,6.183647933108833],[-75.55542619024611,6.183201184637276],[-75.55544763587807,6.181222586354049],[-75.55712052808533,6.181116634333738],[-75.5580816880287,6.181873645759604],[-75.55861192866722,6.181752886552871],[-75.55880500446948,6.182059131259882],[-75.55935489342262,6.181922406012015],[-75.56041118910689,6.182300986042464],[-75.5604851290471,6.183565505044523],[-75.56167974189535,6.18443791287098],[-75.56250175047258,6.18461872991849],[-75.56341634080113,6.185684368648956],[-75.56601278854328,6.187192992058002],[-75.56777311967537,6.187389623508192],[-75.56759810125132,6.188617978771116],[-75.56803959618249,6.190066692772191],[-75.56624197749473,6.194199251231301],[-75.5660409797709,6.195986976523881],[-75.56325931280071,6.193934802359151],[-75.5585942434342,6.191837380230018]]]}},{"type":"Feature","properties":{"codigo":"1403","nombre":"Villa Carlota","comuna":"Comuna 14 El Poblado"},"geometry":{"type":"Polygon","coordinates":[[[-75.56922921383294,6.222979139802352],[-75.56989092001885,6.217793382401063],[-75.56995075714786,6.214753572323296],[-75.57147574284213,6.214786336340649],[-75.57319382520025,6.215263200707732],[-75.57478486364973,6.214751274560142],[-75.57786871700004,6.21515239225197],[-75.57635914099865,6.225930744752363],[-75.5725372777527,6.225455042097969],[-75.5714176493075,6.224807536799283],[-75.5713532803601,6.224188275090782],[-75.56922921383294,6.222979139802352]]]}},{"type":"Feature","properties":{"codigo":"0108","nombre":"El Compromiso","comuna":"Comuna 01 Popular"},"geometry":{"type":"Polygon","coordinates":[[[-75.54304470349747,6.289720071306351],[-75.54255355919958,6.286328608014548],[-75.54398178450383,6.285786094500629],[-75.54454447755626,6.288722077247021],[-75.54406788685934,6.289719299421766],[-75.54304470349747,6.289720071306351]]]}},{"type":"Feature","properties":{"codigo":"0723","nombre":"Pajarito","comuna":"Comuna 07 Robledo"},"geometry":{"type":"Polygon","coordinates":[[[-75.60209077400626,6.287464857469523],[-75.60122550419159,6.284568626677064],[-75.60163202129546,6.283794524770422],[-75.6023852739036,6.283454334685121],[-75.6044057491476,6.28450174435469],[-75.6039206061444,6.283228225237818],[-75.60501821205885,6.281520662366834],[-75.6064513318263,6.281293421481073],[-75.610290322641,6.282230855428325],[-75.60957534785331,6.282282953888854],[-75.60900906907577,6.282918287124684],[-75.60990800803542,6.284078816264689],[-75.61005048040872,6.284814904745449],[-75.60967454563301,6.284520573248503],[-75.60839049348301,6.285203424659438],[-75.60667580468267,6.282944475439644],[-75.60656371964785,6.284132024400804],[-75.60576372081312,6.28407569672458],[-75.60547103491773,6.284664548446877],[-75.6056545682349,6.285486218319709],[-75.60625469444459,6.285767418211983],[-75.60577469927249,6.285986218904259],[-75.60571062797165,6.286615694201982],[-75.60452485188813,6.285508373834306],[-75.60421071171965,6.28572006192774],[-75.60397372606768,6.285478876500679],[-75.6028061430938,6.286361054076412],[-75.6027826086191,6.28678367124101],[-75.6023400165523,6.286606645647978],[-75.60209077400626,6.287464857469523]]]}},{"type":"Feature","properties":{"codigo":"0812","nombre":"La Libertad","comuna":"Comuna 08 Vista Hermosa"},"geometry":{"type":"Polygon","coordinates":[[[-75.54019483173519,6.242980100767717],[-75.53957224307013,6.239326649462678],[-75.5402605932002,6.238001150456792],[-75.54371041803319,6.238714377416193],[-75.54491925627224,6.239290752593708],[-75.54522525335445,6.23998687030702],[-75.54581866845747,6.240176743128967],[-75.54570005966261,6.241037827450758],[-75.5460032553331,6.241258198318571],[-75.54564976939793,6.241940727342826],[-75.54471642889943,6.242126013227108],[-75.54477569984823,6.242455986695745],[-75.54388133045923,6.242381364199415],[-75.54395471476302,6.24276558029491],[-75.54360634019311,6.242713582665812],[-75.54353404522888,6.243188195897343],[-75.5428378622689,6.24305933855616],[-75.54284514518584,6.244237969704623],[-75.54160967663151,6.245319356730877],[-75.54137988896645,6.244967902413497],[-75.54154541531615,6.243207308949215],[-75.54082102241617,6.242684063991176],[-75.54019483173519,6.242980100767717]]]}},{"type":"Feature","properties":{"codigo":"0606","nombre":"San Martín de Porres","comuna":"Comuna 06 Doce de Octubre"},"geometry":{"type":"Polygon","coordinates":[[[-75.58092239367127,6.297585855016588],[-75.57865874493828,6.296859858469237],[-75.57843168026419,6.297491157137234],[-75.57755832911079,6.297184062831323],[-75.57968847610923,6.290876205626561],[-75.58275205282392,6.291886474786756],[-75.58216209067201,6.2932874201597],[-75.58224234046993,6.294020396522177],[-75.58279786521275,6.293732637922884],[-75.58302082096195,6.293932636001584],[-75.58216843573999,6.295055666625643],[-75.58266387337822,6.296307330893094],[-75.5822890020787,6.296563205767137],[-75.58248291324125,6.29723935076101],[-75.58092239367127,6.297585855016588]]]}},{"type":"Feature","properties":{"codigo":"0502","nombre":"Las Brisas","comuna":"Comuna 05 Castilla"},"geometry":{"type":"Polygon","coordinates":[[[-75.55914576305864,6.31200507519341],[-75.55802364555066,6.312166597400668],[-75.55947829082663,6.310068093918335],[-75.5602088080761,6.308310763472621],[-75.56051921821252,6.304326618817552],[-75.56132628463394,6.303447181699278],[-75.56227459325441,6.303268927525121],[-75.56261618624163,6.303575693621395],[-75.56255554830081,6.304047210278884],[-75.56283457701987,6.303888971767289],[-75.5625323306237,6.304975648177654],[-75.56392796518143,6.306904679516625],[-75.56353717849582,6.312042822775763],[-75.55914576305864,6.31200507519341]]]}},{"type":"Feature","properties":{"codigo":"0819","nombre":"Villa Lilliam","comuna":"Comuna 08 Vista Hermosa"},"geometry":{"type":"Polygon","coordinates":[[[-75.52981195102305,6.233803524118446],[-75.53156567454185,6.233630752198231],[-75.53236795041055,6.234344993149904],[-75.5341352437657,6.233884054481228],[-75.53532882888383,6.234251393246293],[-75.53545076734416,6.23456216122465],[-75.53492167957225,6.235170089378237],[-75.5355461035453,6.235939685584444],[-75.53541620167209,6.236557809522123],[-75.53481038099267,6.236234579889105],[-75.5338967643732,6.237103521545657],[-75.53322541718643,6.237253773311883],[-75.53272902036694,6.238621087967295],[-75.53183346526632,6.239478726432104],[-75.53224401824264,6.238459458646258],[-75.53201598525078,6.23735313460923],[-75.53247283591662,6.236322569740287],[-75.53150504440283,6.236725927250749],[-75.53188169792219,6.235997077530731],[-75.53145033967662,6.235803810956005],[-75.53132841917973,6.235271553893852],[-75.5317152069867,6.234949519347239],[-75.53068593140316,6.234541502739937],[-75.53018001441119,6.234762954249947],[-75.5305143204637,6.234056702966916],[-75.52981195102305,6.233803524118446]]]}},{"type":"Feature","properties":{"codigo":"0601","nombre":"Santander","comuna":"Comuna 06 Doce de Octubre"},"geometry":{"type":"Polygon","coordinates":[[[-75.57561924588724,6.311034509552496],[-75.57274224752693,6.310636814216139],[-75.57181906589798,6.310971392940688],[-75.5712677251422,6.310568237181399],[-75.57193782997781,6.308217941894625],[-75.57210129278818,6.305494641654902],[-75.57382490521363,6.304687444798411],[-75.57448815148939,6.303624384372053],[-75.57477248135928,6.304392838906054],[-75.57553128686968,6.304340991399956],[-75.57678581188496,6.302922549635257],[-75.57791782981158,6.302904584502357],[-75.57855628387375,6.301818408435535],[-75.57868279109229,6.303529444109743],[-75.57696026037061,6.305533112953412],[-75.57665297790987,6.306369652608588],[-75.57669269348553,6.307880249011193],[-75.57561924588724,6.311034509552496]]]}},{"type":"Feature","properties":{"codigo":"1606","nombre":"Las Playas","comuna":"Comuna 16 Belen"},"geometry":{"type":"Polygon","coordinates":[[[-75.59198350756701,6.222768420462867],[-75.5929199615899,6.217804109843523],[-75.59510725661573,6.218224378338847],[-75.59746849017638,6.219327173012628],[-75.59773549629361,6.218397134426831],[-75.59904088332166,6.218777884027197],[-75.59941031249599,6.221805240584526],[-75.59881863276031,6.222310402524352],[-75.595417440705,6.222446193842093],[-75.59513066598082,6.223361540583355],[-75.59198350756701,6.222768420462867]]]}},{"type":"Feature","properties":{"codigo":"0107","nombre":"San Pablo","comuna":"Comuna 01 Popular"},"geometry":{"type":"Polygon","coordinates":[[[-75.54584831972662,6.290804874785708],[-75.54353836684776,6.290563150205988],[-75.54293240795697,6.289758410824871],[-75.54406788685934,6.289719299421766],[-75.5445220222193,6.288806349772655],[-75.54417605042394,6.28587137913067],[-75.54676149626,6.28479595986638],[-75.54805093997776,6.285342082346985],[-75.54854751544069,6.285207765816168],[-75.54824079800316,6.287793280387452],[-75.54663205279154,6.28771034099902],[-75.54584831972662,6.290804874785708]]]}},{"type":"Feature","properties":{"codigo":"0411","nombre":"Las Esmeraldas","comuna":"Comuna 04 Aranjuez"},"geometry":{"type":"Polygon","coordinates":[[[-75.55277454551853,6.281969117414086],[-75.55337205038965,6.277052383863412],[-75.55615353443349,6.277556841544456],[-75.55630984171542,6.276782893215195],[-75.55731954898437,6.277269936913724],[-75.55707623889528,6.27867418931061],[-75.55641731470041,6.279517473928623],[-75.5552217302518,6.279633983043303],[-75.55381569178437,6.281311011646274],[-75.55277454551853,6.281969117414086]]]}},{"type":"Feature","properties":{"codigo":"0803","nombre":"San Miguel","comuna":"Comuna 08 Vista Hermosa"},"geometry":{"type":"Polygon","coordinates":[[[-75.55448468242658,6.257364940268435],[-75.55049386389314,6.254486609895316],[-75.55188119945858,6.254195105156584],[-75.55231314258803,6.254486668321745],[-75.55239954670718,6.254008664226787],[-75.55371800780117,6.253248186390643],[-75.55476319918998,6.251657119733818],[-75.56074267251732,6.255829342968974],[-75.55930448778838,6.258003515260294],[-75.55815939789447,6.257283660309584],[-75.5558217664977,6.257221458342054],[-75.55500586824091,6.256674499372115],[-75.55448468242658,6.257364940268435]]]}},{"type":"Feature","properties":{"codigo":"0906","nombre":"Barrio Caicedo","comuna":"Comuna 09 Buenos Aires"},"geometry":{"type":"Polygon","coordinates":[[[-75.55593044121335,6.246031812576376],[-75.55365900211675,6.243077830187779],[-75.55005102766928,6.242692374138452],[-75.55134806564685,6.240088806643597],[-75.55826919813792,6.243661038287714],[-75.55781747704243,6.244471268271787],[-75.55757468832859,6.244331139322851],[-75.55649170251543,6.245349281895204],[-75.55630425064173,6.245037386841481],[-75.55593044121335,6.246031812576376]]]}},{"type":"Feature","properties":{"codigo":"0702","nombre":"B. Cerro El Volador","comuna":"Comuna 07 Robledo"},"geometry":{"type":"Polygon","coordinates":[[[-75.57988982057444,6.272565138151187],[-75.57615281420937,6.269602065635269],[-75.57637410915946,6.269056557887701],[-75.57788559219802,6.269870989502179],[-75.57955494317473,6.271574331070359],[-75.58245857689968,6.272004669410835],[-75.58291546854048,6.272453327904905],[-75.58451785289223,6.27198219313729],[-75.58481796232688,6.272923308290967],[-75.58319305831309,6.273558187548844],[-75.5809102390449,6.273623935012528],[-75.57994447418113,6.273529357851143],[-75.57988982057444,6.272565138151187]]]}},{"type":"Feature","properties":{"codigo":"0720","nombre":"Santa Margarita","comuna":"Comuna 07 Robledo"},"geometry":{"type":"Polygon","coordinates":[[[-75.60817388142168,6.277837638949915],[-75.60799367518172,6.276816097399752],[-75.61111056827346,6.276007875170243],[-75.61148317484252,6.275124153736792],[-75.61221100052323,6.274799772603535],[-75.6129975923826,6.274971471630221],[-75.6139167870751,6.274065101339243],[-75.61564689765493,6.27385363104939],[-75.61704604929622,6.272957382713117],[-75.61778919888067,6.273531372411321],[-75.61938827610568,6.273036261992209],[-75.62129357522569,6.274299455514481],[-75.62170190418084,6.275068970157162],[-75.62147290564353,6.277573156681915],[-75.6202965966668,6.27650199824804],[-75.61931462654498,6.276345019516776],[-75.61850455704919,6.276877975206769],[-75.61736431543957,6.276818692132854],[-75.61704760789351,6.277564547681532],[-75.61537925332797,6.277814000224019],[-75.61475750220059,6.277496542392758],[-75.6131467900491,6.277462998589086],[-75.61100795581444,6.277933469126398],[-75.60997351680102,6.278344885039846],[-75.60906392329555,6.279451264238857],[-75.60817388142168,6.277837638949915]]]}},{"type":"Feature","properties":{"codigo":"1102","nombre":"Suramericana","comuna":"Comuna 11 Laureles Estadio"},"geometry":{"type":"Polygon","coordinates":[[[-75.57723533373107,6.254190763501913],[-75.57901614970476,6.250948648087754],[-75.58016237701526,6.251441320253782],[-75.58196926015013,6.252868515506415],[-75.5835118705591,6.253253816146502],[-75.58569024488173,6.252903436778121],[-75.5871470495177,6.253767866333596],[-75.58788503477051,6.253716987307755],[-75.58808269135858,6.254566769808504],[-75.58609471807584,6.258498246420779],[-75.57723533373107,6.254190763501913]]]}},{"type":"Feature","properties":{"codigo":"0408","nombre":"San Pedro","comuna":"Comuna 04 Aranjuez"},"geometry":{"type":"Polygon","coordinates":[[[-75.56190090458902,6.270497239969198],[-75.55861925628125,6.269932921067845],[-75.55974208375697,6.263472346820561],[-75.56326165894045,6.264082775960208],[-75.56193792764823,6.266693295332558],[-75.56190090458902,6.270497239969198]]]}},{"type":"Feature","properties":{"codigo":"0816","nombre":"Villa Turbay","comuna":"Comuna 08 Vista Hermosa"},"geometry":{"type":"Polygon","coordinates":[[[-75.52917155370294,6.23996671239232],[-75.5274601023523,6.236453290247589],[-75.5282297804664,6.235182054694991],[-75.52981195102305,6.233803524118446],[-75.5305143204637,6.234056702966916],[-75.53018001441119,6.234762954249947],[-75.53068593140316,6.234541502739937],[-75.5317152069867,6.234949519347239],[-75.53132841917973,6.235271553893852],[-75.53145033967662,6.235803810956005],[-75.53188169792219,6.235997077530731],[-75.53150504440283,6.236725927250749],[-75.53233338111576,6.236225376874068],[-75.53248975576592,6.236605080399885],[-75.53201598525078,6.23735313460923],[-75.53224232342716,6.238474149322374],[-75.53164274813743,6.239966890417982],[-75.52917155370294,6.23996671239232]]]}},{"type":"Feature","properties":{"codigo":"1317","nombre":"Eduardo Santos","comuna":"Comuna 13 San Javier"},"geometry":{"type":"Polygon","coordinates":[[[-75.62769743475077,6.261526027431777],[-75.62729958422656,6.261502223411719],[-75.62723063654374,6.260881442481493],[-75.62587741243142,6.259148763966119],[-75.62485620311332,6.25859754216135],[-75.62499879674293,6.257697676302095],[-75.62558995376064,6.257449003516427],[-75.62734376820673,6.257672556800422],[-75.62781917007733,6.257404684267213],[-75.62862156667659,6.257719873019906],[-75.62971354478195,6.257312932713401],[-75.63018619025313,6.25763267808428],[-75.63068867951807,6.257248405360323],[-75.63120542175297,6.258017899507719],[-75.63235677096695,6.258312700902362],[-75.62820047282375,6.261571796758387],[-75.62883341988017,6.26257584668669],[-75.62819044836232,6.263966933551385],[-75.62839585861276,6.263357612829346],[-75.62769743475077,6.261526027431777]]]}},{"type":"Feature","properties":{"codigo":"0914","nombre":"Asomadera No.1","comuna":"Comuna 09 Buenos Aires"},"geometry":{"type":"Polygon","coordinates":[[[-75.56578956221468,6.234376721126086],[-75.56194225670897,6.232498562198221],[-75.56187056099283,6.231628430547094],[-75.56098074322064,6.230122075640792],[-75.5611066592885,6.229645200012261],[-75.55996445678079,6.228662048666411],[-75.56060756089413,6.228141109854418],[-75.55925985166309,6.226618924380474],[-75.55924790839659,6.22445051745709],[-75.55965535587623,6.222982574360127],[-75.56031119705938,6.224287667889512],[-75.56174868713815,6.224928420182589],[-75.56338154031941,6.225088904138506],[-75.56487210895848,6.225817791898717],[-75.5649409866017,6.226515026748246],[-75.56652020239129,6.228280157401748],[-75.56644736130585,6.229817012105991],[-75.56561567492854,6.231222778566529],[-75.56723442961955,6.23346139301348],[-75.56578956221468,6.234376721126086]]]}},{"type":"Feature","properties":{"codigo":"0903","nombre":"Bomboná No.2","comuna":"Comuna 09 Buenos Aires"},"geometry":{"type":"Polygon","coordinates":[[[-75.541049227849,6.229890895374697],[-75.5404432630032,6.22605509205837],[-75.53907110940806,6.224767287303872],[-75.53949714130661,6.224943523304213],[-75.53994265509976,6.224547003510311],[-75.54046872243906,6.224628385241013],[-75.54124945239131,6.225247119082993],[-75.54247672783767,6.224313278629917],[-75.5429225327613,6.224736423758694],[-75.54360421639531,6.22446441440221],[-75.543853004441,6.224897385009623],[-75.54486794099618,6.225066937196877],[-75.54551382814721,6.225727812686969],[-75.54605990196514,6.225514791580856],[-75.54634674218241,6.22575451745153],[-75.54667060706166,6.225218177477013],[-75.54794848201374,6.226310283616202],[-75.54895339642833,6.226039972730756],[-75.54879645406747,6.226453656087966],[-75.54760624816609,6.226512372585463],[-75.54740241074747,6.226826516424917],[-75.54874897315509,6.227910275765522],[-75.54794153693092,6.228895640742345],[-75.54848693814164,6.229354458066242],[-75.54817016882987,6.229860703520831],[-75.54899844272612,6.230357952153169],[-75.5486917640067,6.232848549193566],[-75.54885825409423,6.234804654515686],[-75.54662690995207,6.233842903275521],[-75.5447287690352,6.231309272950886],[-75.54396598970581,6.230886603331855],[-75.54276731204544,6.230772411992035],[-75.541049227849,6.229890895374697]]]}},{"type":"Feature","properties":{"codigo":"0103","nombre":"Popular","comuna":"Comuna 01 Popular"},"geometry":{"type":"Polygon","coordinates":[[[-75.54828353916105,6.304346430856285],[-75.5471064477797,6.303578257684481],[-75.54621199759058,6.304331208976114],[-75.54427625216613,6.30388323284985],[-75.54420031028118,6.304322233626364],[-75.54331960962924,6.303728221712514],[-75.54248871535835,6.303932464900265],[-75.54187895853688,6.303008045993578],[-75.53996913712596,6.3021735428499],[-75.54113128567388,6.302448031061438],[-75.54298058176792,6.301708139536009],[-75.54363761654598,6.302221993894043],[-75.54377880714618,6.302822990388159],[-75.54404893962196,6.302612156038787],[-75.54391270019728,6.302008511860564],[-75.54447264087635,6.301473354221926],[-75.54559020331062,6.301350182517701],[-75.54584029145663,6.299948423143944],[-75.54696743796343,6.297864753449788],[-75.54702206559939,6.296491200035536],[-75.54780036168576,6.295732099403166],[-75.5479821363112,6.294531597022875],[-75.55055702990032,6.295795662646892],[-75.55084485047033,6.296593222736994],[-75.55065280665642,6.297104873319538],[-75.55024927175096,6.297213985053602],[-75.55022314878359,6.297842022470625],[-75.54875372782548,6.300498867521222],[-75.5485542690427,6.301930861168476],[-75.54875601698838,6.302587854838586],[-75.54827426742978,6.303485197540196],[-75.54828353916105,6.304346430856285]]]}},{"type":"Feature","properties":{"codigo":"0311","nombre":"La Cruz","comuna":"Comuna 03 Manrique"},"geometry":{"type":"Polygon","coordinates":[[[-75.53799139224611,6.274732162228227],[-75.53487736277737,6.275027396740541],[-75.53665344315627,6.274167868044907],[-75.53697807303597,6.272550016648286],[-75.53583912800622,6.271203366878198],[-75.53540217181681,6.271211755543265],[-75.53421873117257,6.270272365653277],[-75.53439781406165,6.270001213529193],[-75.53403171255873,6.268504874042052],[-75.53266789940356,6.266613053632265],[-75.53199825064517,6.266143120028986],[-75.53305351057088,6.266053312895489],[-75.53514344631832,6.266501929719658],[-75.53628268461587,6.267271122923887],[-75.53703126559499,6.267263383888216],[-75.53738908044829,6.267579080653509],[-75.54040694023249,6.267667667699081],[-75.54207660650059,6.268426415706422],[-75.54241762207343,6.269194858713941],[-75.54232327512064,6.270190417516207],[-75.54298838692893,6.271389420927887],[-75.54281216944086,6.272279882656241],[-75.54166095965984,6.272446819420524],[-75.54024772091603,6.273854789912815],[-75.53909746679754,6.274086675026122],[-75.53799139224611,6.274732162228227]]]}},{"type":"Feature","properties":{"codigo":"0703","nombre":"San Germán","comuna":"Comuna 07 Robledo"},"geometry":{"type":"Polygon","coordinates":[[[-75.58749392251094,6.270017775207691],[-75.58696732336124,6.271087214789655],[-75.58448193466599,6.271845185252491],[-75.58409510367107,6.27057616342922],[-75.58467161388482,6.27034109788908],[-75.58523571780952,6.270613419569488],[-75.58530403047392,6.270271015418039],[-75.58627127636451,6.269830268376494],[-75.58374102324716,6.26929923056883],[-75.58399904778634,6.268501415917505],[-75.58477374662252,6.268117178831369],[-75.58413792321683,6.267482117565423],[-75.58488777138847,6.266999567889829],[-75.58479572289097,6.266695590045685],[-75.58518871153065,6.266326054732662],[-75.58458732454719,6.265381361876668],[-75.58404017570616,6.265435620450061],[-75.58619877542124,6.263748654641007],[-75.58701321494456,6.26505438882339],[-75.59082007681151,6.267626713233851],[-75.59323467394226,6.270278607618171],[-75.59412231932274,6.271738488066312],[-75.59306083573253,6.273368535590895],[-75.58873961324235,6.271234278928553],[-75.58749392251094,6.270017775207691]]]}},{"type":"Feature","properties":{"codigo":"0611","nombre":"Progreso No.2","comuna":"Comuna 06 Doce de Octubre"},"geometry":{"type":"Polygon","coordinates":[[[-75.5827920778909,6.309378791363526],[-75.58203125397682,6.307956798178767],[-75.58235252543635,6.307202304342428],[-75.58181931557559,6.305579368001953],[-75.58199167792276,6.304061841793247],[-75.58439923114783,6.305158618061975],[-75.58399503385235,6.306278667186406],[-75.58424001470595,6.307481742421375],[-75.5838292891684,6.307983400760824],[-75.58384892579697,6.309004501644875],[-75.58412996285482,6.309262193194159],[-75.5827920778909,6.309378791363526]]]}},{"type":"Feature","properties":{"codigo":"1014","nombre":"Las Palmas","comuna":"Comuna 10 La Candelaria"},"geometry":{"type":"Polygon","coordinates":[[[-75.565146974396,6.242680250059678],[-75.5632108693869,6.241569405601261],[-75.56411823572967,6.240536557134516],[-75.56279082056756,6.238136340857465],[-75.56306298420712,6.23671136293991],[-75.5648144648945,6.233958600431211],[-75.56532657355832,6.234290835313662],[-75.56439662358214,6.236950943179502],[-75.56560209552941,6.236985982024987],[-75.56643942898822,6.237961209613032],[-75.56633779188046,6.239244934852938],[-75.56880464551394,6.240751280775472],[-75.5676341681804,6.243565079988557],[-75.565146974396,6.242680250059678]]]}},{"type":"Feature","properties":{"codigo":"1210","nombre":"Barrio Cristóbal","comuna":"Comuna 12 La America"},"geometry":{"type":"Polygon","coordinates":[[[-75.60537496978323,6.247942673368284],[-75.6067560114939,6.24715606731067],[-75.60789599289323,6.246953705546763],[-75.6098997660302,6.245500321092916],[-75.61194092340557,6.245623329003563],[-75.61270541256256,6.245338495029412],[-75.61216912601233,6.24671153782531],[-75.61018631348752,6.249006809794207],[-75.60802275504403,6.250714466311918],[-75.60577027022528,6.248718982868236],[-75.60515481076723,6.248633143102601],[-75.60537496978323,6.247942673368284]]]}},{"type":"Feature","properties":{"codigo":"0509","nombre":"Girardot","comuna":"Comuna 05 Castilla"},"geometry":{"type":"Polygon","coordinates":[[[-75.56385574301515,6.301373295007947],[-75.56638957930463,6.298235348032232],[-75.56853116573365,6.291565248830508],[-75.56945066345011,6.293536496595671],[-75.57051794854166,6.29430547519759],[-75.57077494091644,6.294933102875659],[-75.57352368251603,6.295838334975628],[-75.57266487804861,6.297830580614917],[-75.57285351056318,6.298739978582537],[-75.57219468904988,6.299420013522962],[-75.5709452035242,6.299366846298821],[-75.57049800182519,6.300546371989449],[-75.56925647311007,6.300192457054962],[-75.56499146622278,6.301857363852774],[-75.56385574301515,6.301373295007947]]]}},{"type":"Feature","properties":{"codigo":"1415","nombre":"Los Balsos No.2","comuna":"Comuna 14 El Poblado"},"geometry":{"type":"Polygon","coordinates":[[[-75.5660409797709,6.195986976523881],[-75.56624197749473,6.194199251231301],[-75.56728871010377,6.191830686870224],[-75.56787304536229,6.192097377690922],[-75.56939175428798,6.19178887534961],[-75.56980107199462,6.192004712703259],[-75.56997835123808,6.192677086305708],[-75.57456951918593,6.195234335867981],[-75.57479988218519,6.196425397144175],[-75.57328740295155,6.199841529184719],[-75.56921335824735,6.19705825986519],[-75.56742250601673,6.196920394841897],[-75.5660409797709,6.195986976523881]]]}},{"type":"Feature","properties":{"codigo":"1114","nombre":"Los Colores","comuna":"Comuna 11 Laureles Estadio"},"geometry":{"type":"Polygon","coordinates":[[[-75.59323467394226,6.270278607618171],[-75.590236550442,6.267053618368259],[-75.58708840072933,6.265109812783296],[-75.58643775066166,6.264344685961022],[-75.58644103027713,6.263817327027361],[-75.58772499448027,6.262313199286954],[-75.5923603501186,6.265268058064343],[-75.59356180963117,6.262673432478583],[-75.5930745023885,6.262406766734666],[-75.59328791660775,6.26189371924158],[-75.59666574416023,6.263528712945032],[-75.59507774061134,6.27062769829583],[-75.59412239070197,6.271738573946791],[-75.59323467394226,6.270278607618171]]]}},{"type":"Feature","properties":{"codigo":"0403","nombre":"Palermo","comuna":"Comuna 04 Aranjuez"},"geometry":{"type":"Polygon","coordinates":[[[-75.5622933911144,6.291261893294648],[-75.5627102858186,6.29062152748471],[-75.56245301701858,6.289800168523243],[-75.56342860620994,6.288653740885116],[-75.56339469386216,6.287158881798133],[-75.56284071657275,6.28516969359136],[-75.56313088847058,6.283223553440914],[-75.56529587078576,6.283749319031663],[-75.56519196658101,6.284451352004678],[-75.56404853507978,6.28524494704941],[-75.56545307276299,6.284774683159542],[-75.5665580142694,6.285191849490634],[-75.5658623609276,6.286552205403362],[-75.56543588080984,6.288873067020304],[-75.56333422261126,6.291709571251912],[-75.5622933911144,6.291261893294648]]]}},{"type":"Feature","properties":{"codigo":"1104","nombre":"San Joaquín","comuna":"Comuna 11 Laureles Estadio"},"geometry":{"type":"Polygon","coordinates":[[[-75.5809454538603,6.248186789067352],[-75.58600272736048,6.24314553620302],[-75.58784174730688,6.243643818393505],[-75.58911445812551,6.244465308601669],[-75.58777525275723,6.24720796505783],[-75.58743710536645,6.249084973671671],[-75.5809454538603,6.248186789067352]]]}},{"type":"Feature","properties":{"codigo":"1019","nombre":"La Candelaria","comuna":"Comuna 10 La Candelaria"},"geometry":{"type":"Polygon","coordinates":[[[-75.56726318569962,6.254036023549353],[-75.56737724407405,6.253742213852479],[-75.5614107231629,6.249999480396827],[-75.5620724878736,6.249154218617201],[-75.56424016560173,6.244447625671786],[-75.56683859678846,6.246182250044146],[-75.56637333645412,6.246786819157783],[-75.56769006277844,6.247575590171121],[-75.56827897699569,6.246723540529959],[-75.57153579493684,6.247885211014351],[-75.56942971457784,6.252624604594446],[-75.5692191071065,6.254495949839195],[-75.56726318569962,6.254036023549353]]]}},{"type":"Feature","properties":{"codigo":"1419","nombre":"Manila","comuna":"Comuna 14 El Poblado"},"geometry":{"type":"Polygon","coordinates":[[[-75.56995075714786,6.214753572323296],[-75.57001511313331,6.212083285595212],[-75.57046678441607,6.210604060460528],[-75.57384533901029,6.211891152197778],[-75.5757819246177,6.21316355410134],[-75.57809114190866,6.213662994928254],[-75.57786871700004,6.21515239225197],[-75.57478486364973,6.214751274560142],[-75.57319382520025,6.215263200707732],[-75.57147574284213,6.214786336340649],[-75.56995075714786,6.214753572323296]]]}},{"type":"Feature","properties":{"codigo":"0805","nombre":"Batallón Girardot","comuna":"Comuna 08 Vista Hermosa"},"geometry":{"type":"Polygon","coordinates":[[[-75.55126720975055,6.26254014238986],[-75.54915630532756,6.26158746424978],[-75.548725049296,6.261794780856522],[-75.54840387283382,6.261081442222917],[-75.54715848566788,6.261043548278299],[-75.54683724004553,6.262051395566225],[-75.54603342591001,6.262201215873223],[-75.54484886369616,6.261562204881218],[-75.54279655262859,6.261287488315618],[-75.54271113630958,6.260280059515424],[-75.54221280139308,6.259848122353841],[-75.54230956288525,6.258526940754978],[-75.54154817052454,6.258256077457524],[-75.54147581036963,6.257364436621352],[-75.54194783933062,6.257650360655494],[-75.54217258271812,6.257371252087269],[-75.54395120632097,6.257593954911049],[-75.54423633145385,6.258053894030152],[-75.54523517838074,6.25833983827033],[-75.54504092521304,6.258684491833046],[-75.5443701412216,6.258316069426754],[-75.5445028224815,6.258537562607234],[-75.54576421636449,6.259194170901687],[-75.54774726495069,6.259022486618918],[-75.54904874348838,6.259964987914863],[-75.55002727782751,6.260001183839309],[-75.55077996517488,6.259663328616445],[-75.55130451324685,6.259998967351311],[-75.55136378565525,6.26047471480685],[-75.5520328888035,6.26065667296719],[-75.55270607714081,6.261414756282224],[-75.55126720975055,6.26254014238986]]]}},{"type":"Feature","properties":{"codigo":"0813","nombre":"Villatina","comuna":"Comuna 08 Vista Hermosa"},"geometry":{"type":"Polygon","coordinates":[[[-75.54021120799906,6.24294394052044],[-75.53754320734053,6.241184320694172],[-75.53913468989316,6.238745785485518],[-75.53861362744945,6.237207772276708],[-75.5380072127058,6.237355773252363],[-75.53759845096921,6.236899213348733],[-75.53680175932848,6.237026861064948],[-75.53720386608879,6.235413187969589],[-75.53526203338399,6.236973654892783],[-75.53487979397279,6.236804124240342],[-75.53302383160855,6.237468467164836],[-75.5338967643732,6.237103521545657],[-75.53477537399601,6.236245878492429],[-75.53540942556518,6.236566849624792],[-75.53677371709581,6.23385935761056],[-75.53883523250317,6.232316972661479],[-75.54051201866103,6.234826881657964],[-75.54122738261127,6.235048406974779],[-75.54244236728768,6.236710756190838],[-75.54407410596585,6.237222741354928],[-75.54498702783074,6.238912192232733],[-75.54493054853131,6.239303183683383],[-75.54239711701553,6.238344791507734],[-75.5402605932002,6.238001150456792],[-75.53957224307013,6.239326649462678],[-75.54019206010736,6.242013917426697],[-75.54021120799906,6.24294394052044]]]}},{"type":"Feature","properties":{"codigo":"1013","nombre":"Barrio Colón","comuna":"Comuna 10 La Candelaria"},"geometry":{"type":"Polygon","coordinates":[[[-75.56424016560173,6.244447625671786],[-75.565146974396,6.242680250059678],[-75.5676341681804,6.243565079988557],[-75.57007561224975,6.237616547798815],[-75.5704019668234,6.238070822391727],[-75.57034154854207,6.237147580030043],[-75.57246567223304,6.238128442481442],[-75.56987857855813,6.244333504311281],[-75.56769006277844,6.247575590171121],[-75.56637333645412,6.246786819157783],[-75.56683859678846,6.246182250044146],[-75.56424016560173,6.244447625671786]]]}},{"type":"Feature","properties":{"codigo":"Inst_10","nombre":"Jardín Botánico","comuna":"Comuna 04 Aranjuez"},"geometry":{"type":"Polygon","coordinates":[[[-75.5624118698278,6.272341116264354],[-75.56190090458902,6.270497239969198],[-75.56186454344385,6.267988281987942],[-75.5655136228011,6.269240620772465],[-75.56485987817881,6.272923252462013],[-75.5624118698278,6.272341116264354]]]}},{"type":"Feature","properties":{"codigo":"0402","nombre":"San Isidro","comuna":"Comuna 04 Aranjuez"},"geometry":{"type":"Polygon","coordinates":[[[-75.55772557957084,6.289325677031827],[-75.55796220686746,6.283352835342017],[-75.56308772566206,6.28354317447404],[-75.56284071657275,6.28516969359136],[-75.56339469386216,6.287158881798133],[-75.56342860620994,6.288653740885116],[-75.56245301701858,6.289800168523243],[-75.5627102858186,6.29062152748471],[-75.5622933911144,6.291261893294648],[-75.56039396292135,6.290848346989286],[-75.56016133710982,6.289931276627494],[-75.55964625990386,6.289798809927742],[-75.55972027436512,6.28922795233878],[-75.55826513137939,6.288917320028518],[-75.55772557957084,6.289325677031827]]]}},{"type":"Feature","properties":{"codigo":"0315","nombre":"San José La Cima No.2","comuna":"Comuna 03 Manrique"},"geometry":{"type":"Polygon","coordinates":[[[-75.54420365861115,6.281020793173672],[-75.54228606438997,6.28043082160519],[-75.54149283923908,6.279716597085375],[-75.54192860873457,6.278557493748032],[-75.54182669026716,6.277013456002329],[-75.54395962318867,6.275431544941017],[-75.54455900821512,6.277253262737682],[-75.54442109797054,6.280117903150448],[-75.54420365861115,6.281020793173672]]]}},{"type":"Feature","properties":{"codigo":"1318","nombre":"Antonio Nariño","comuna":"Comuna 13 San Javier"},"geometry":{"type":"Polygon","coordinates":[[[-75.62117215044117,6.262887212720313],[-75.61890094136206,6.26101157279546],[-75.61821925253258,6.259361781870423],[-75.61808241280575,6.257306254706237],[-75.61975873517343,6.256180574285883],[-75.62133750518835,6.256425636161323],[-75.6228027134417,6.255999460746357],[-75.6247479699666,6.256543933833359],[-75.6259739174729,6.257485122697801],[-75.62493273948301,6.257755315049391],[-75.62483956491697,6.258603342618495],[-75.62337675680457,6.25768711390972],[-75.62339132915409,6.258456104675747],[-75.62276073149856,6.259533091663212],[-75.6234718535742,6.260206376862809],[-75.62319072413466,6.261176657601315],[-75.62425003894829,6.262782067477626],[-75.623264689122,6.262339873939983],[-75.62257605945668,6.262661692242066],[-75.62157554591998,6.262513768988089],[-75.62134523363935,6.263446292917162],[-75.62171659126999,6.264036406522645],[-75.62124278515097,6.263422843006302],[-75.62117215044117,6.262887212720313]]]}},{"type":"Feature","properties":{"codigo":"1201","nombre":"Ferrini","comuna":"Comuna 12 La America"},"geometry":{"type":"Polygon","coordinates":[[[-75.59493263903667,6.27093733639513],[-75.596069048154,6.266199026552168],[-75.59821191291114,6.266167267619704],[-75.59903528103136,6.26789617848352],[-75.59836904111177,6.268865790188048],[-75.59898001554754,6.269100803043043],[-75.59851932653969,6.270341611970875],[-75.59790495668983,6.269980034041158],[-75.59748437385606,6.27156663203754],[-75.59569950651039,6.272059424789147],[-75.59535845067279,6.27205040245126],[-75.59493263903667,6.27093733639513]]]}},{"type":"Feature","properties":{"codigo":"6008","nombre":"La Ilusión","comuna":""},"geometry":{"type":"Polygon","coordinates":[[[-75.62940772152278,6.315369773221056],[-75.62739451501601,6.315022697396884],[-75.625662977318,6.313595313948476],[-75.62507666839218,6.313456316401687],[-75.62564396988002,6.310497486022628],[-75.62298725840122,6.307175464062235],[-75.6225549646208,6.306110260889089],[-75.62235452635767,6.304580965360517],[-75.62277597286204,6.302724647509156],[-75.62203794615277,6.301184859910123],[-75.62225920231396,6.300182871009252],[-75.6201189880674,6.296069752539474],[-75.61759959294625,6.294614509033827],[-75.6166401890956,6.292557930270007],[-75.61838998855546,6.292905817121225],[-75.61960224721905,6.293622896504596],[-75.62161556424476,6.293896916817056],[-75.62217422641967,6.293896859459609],[-75.62300685509565,6.293010824224673],[-75.62485151667126,6.293253208305413],[-75.6254524214379,6.293991433424756],[-75.62711789803636,6.294276018396852],[-75.62704399902222,6.293274060592336],[-75.62647471975541,6.292578020869109],[-75.62666442470993,6.29231432446113],[-75.62939446857335,6.292219089596236],[-75.63005849649221,6.291881506099346],[-75.63060664253958,6.292113475256682],[-75.63137602859942,6.291385639137699],[-75.6331680108027,6.291849488181812],[-75.63407444744722,6.291311477093553],[-75.63492832184721,6.291902001721139],[-75.63586632692393,6.290963196338933],[-75.63786898899545,6.290393395198808],[-75.63844887277241,6.291469112884726],[-75.63824879872202,6.292966814657052],[-75.63755322343017,6.29383176258724],[-75.6372265981464,6.294886507280277],[-75.6371005122061,6.297955704105],[-75.6358569725866,6.300139098306847],[-75.63475033721338,6.301394334787799],[-75.63399170878716,6.303925712201601],[-75.6312934657439,6.305993260043036],[-75.63050302512278,6.307132431875437],[-75.62964951300907,6.309790379178911],[-75.63002918824075,6.311446214403796],[-75.6297660589842,6.314831834564366],[-75.62940772152278,6.315369773221056]]]}},{"type":"Feature","properties":{"codigo":"0709","nombre":"Córdoba","comuna":"Comuna 07 Robledo"},"geometry":{"type":"Polygon","coordinates":[[[-75.57825706956649,6.283759851351912],[-75.57658743003017,6.283107863984768],[-75.57554969848547,6.281934980514384],[-75.57483203737476,6.282003101907774],[-75.57365232102748,6.281029888674275],[-75.57235307352647,6.280852996817175],[-75.57241123745857,6.280473261992924],[-75.57423964526772,6.280858586964099],[-75.57443896555269,6.280142140774263],[-75.57541462910065,6.279456841946229],[-75.57417265237633,6.27835822979239],[-75.5751515423516,6.277228892467243],[-75.57969870054363,6.28079540911011],[-75.57950072805991,6.281060917829663],[-75.5788611568472,6.280941391390418],[-75.57825706956649,6.283759851351912]]]}},{"type":"Feature","properties":{"codigo":"1005","nombre":"Estación Villa","comuna":"Comuna 10 La Candelaria"},"geometry":{"type":"Polygon","coordinates":[[[-75.56602886630913,6.256810265990881],[-75.56726318569962,6.254036023549353],[-75.5692191071065,6.254495949839195],[-75.56940769492287,6.253035939263579],[-75.57111630410384,6.254093649454541],[-75.5711134908404,6.255778537545412],[-75.57174420564954,6.257004626159039],[-75.57094015408659,6.257691694103917],[-75.56602886630913,6.256810265990881]]]}},{"type":"Feature","properties":{"codigo":"0503","nombre":"Florencia","comuna":"Comuna 05 Castilla"},"geometry":{"type":"Polygon","coordinates":[[[-75.56612405409588,6.312845955527689],[-75.56443425748351,6.31190677539733],[-75.56353717849582,6.312042822775763],[-75.56392781677702,6.308501567085123],[-75.56466972174434,6.307749944231636],[-75.5665724526109,6.308588607675715],[-75.56648215454348,6.308781847748751],[-75.56902381984489,6.309015763753608],[-75.57150799937742,6.309860484801015],[-75.57096084322788,6.310759562237817],[-75.56966348017927,6.310919783498382],[-75.56873388457734,6.312240191514233],[-75.56789859998577,6.312141572863359],[-75.56730564722572,6.312667321903641],[-75.56612405409588,6.312845955527689]]]}},{"type":"Feature","properties":{"codigo":"Inst_3","nombre":"Cementerio Universal","comuna":"Comuna 05 Castilla"},"geometry":{"type":"Polygon","coordinates":[[[-75.57423964526772,6.280858586964099],[-75.57239938375056,6.280478122318582],[-75.5724771034805,6.279777054620935],[-75.57340768091541,6.276287397783981],[-75.5751515423516,6.277228892467243],[-75.57417265237633,6.27835822979239],[-75.57541462910065,6.279456841946229],[-75.57443896555269,6.280142140774263],[-75.57423964526772,6.280858586964099]]]}},{"type":"Feature","properties":{"codigo":"0712","nombre":"Aures No.2","comuna":"Comuna 07 Robledo"},"geometry":{"type":"Polygon","coordinates":[[[-75.59066371005119,6.296236497912877],[-75.5890492658645,6.294091866577257],[-75.58828584700942,6.294708594653362],[-75.58836237574462,6.295015464277109],[-75.58771117228,6.294826175924776],[-75.58689955866232,6.293264973540649],[-75.58589893747401,6.293249187609608],[-75.58499702553401,6.292168123869267],[-75.58631180509268,6.291375857627645],[-75.58656826482623,6.289913010544961],[-75.58794320184668,6.288675768729458],[-75.58839398426491,6.287635384677478],[-75.59037336062858,6.286222396599144],[-75.59031795190438,6.287806606914001],[-75.59184058181042,6.289017640911376],[-75.59268000315382,6.290742491155746],[-75.59427158232533,6.292375996712733],[-75.59734147192808,6.294019626847733],[-75.59581148759858,6.294372435997862],[-75.59604109201545,6.295116725353181],[-75.59330207423062,6.295105952555831],[-75.5927434012573,6.295830241145619],[-75.59169022067461,6.295223786168334],[-75.59066371005119,6.296236497912877]]]}},{"type":"Feature","properties":{"codigo":"1302","nombre":"Blanquizal","comuna":"Comuna 13 San Javier"},"geometry":{"type":"Polygon","coordinates":[[[-75.60732056143581,6.276388993035058],[-75.60590043063962,6.276458029779805],[-75.60426846931279,6.275351836900291],[-75.60351351027683,6.275312337451067],[-75.60302384146698,6.273749527774055],[-75.60373909785899,6.273841123875018],[-75.603916388138,6.274168750815307],[-75.6040385734366,6.274190619631325],[-75.60385232666083,6.273811102017406],[-75.60331368415316,6.273427657798212],[-75.60307747460998,6.272756747562731],[-75.60410565221152,6.273744005557646],[-75.60515713494743,6.27294922708113],[-75.60524637797003,6.273294737863288],[-75.60600275372,6.273278402603213],[-75.60694319764603,6.274944445447628],[-75.60790918577761,6.27442322294929],[-75.60789541266672,6.276675980055907],[-75.60732056143581,6.276388993035058]]]}},{"type":"Feature","properties":{"codigo":"0804","nombre":"La Ladera","comuna":"Comuna 08 Vista Hermosa"},"geometry":{"type":"Polygon","coordinates":[[[-75.54431877798662,6.257883261917994],[-75.54223751713839,6.257373515009664],[-75.54181458408573,6.257630012847138],[-75.54047415748089,6.256828746504087],[-75.54125054216289,6.256869468665259],[-75.54205690803389,6.255803882708354],[-75.54222467538251,6.254439933508841],[-75.54190002980157,6.253966430806718],[-75.54211064983653,6.253793545389714],[-75.5429276988981,6.253525765994088],[-75.54448157798443,6.253851290280772],[-75.54564872146203,6.253197048795974],[-75.5477136230221,6.252963216056148],[-75.54866902027018,6.252307829903303],[-75.54950581799702,6.252268309291602],[-75.55027600840107,6.251647943879599],[-75.55090219365032,6.251664916322431],[-75.55109080235646,6.251066001426429],[-75.55228729185613,6.250429826822622],[-75.55304446324325,6.250731569460218],[-75.55477847330718,6.250545162068258],[-75.55498625377165,6.250799425843454],[-75.55410818719717,6.252771320223433],[-75.55239954670718,6.254008664226787],[-75.55231314258803,6.254486668321745],[-75.55188119945858,6.254195105156584],[-75.55145488625648,6.254466300591576],[-75.55071407990044,6.254332932301534],[-75.55015506852621,6.25478040875512],[-75.55025217220783,6.255216607211154],[-75.54820362924265,6.255636907506616],[-75.54563102488785,6.257664092799223],[-75.54431877798662,6.257883261917994]]]}},{"type":"Feature","properties":{"codigo":"0915","nombre":"Asomadera No.2","comuna":"Comuna 09 Buenos Aires"},"geometry":{"type":"Polygon","coordinates":[[[-75.56322514306319,6.225044830392685],[-75.56173344239417,6.224923899848391],[-75.56031119705938,6.224287667889512],[-75.55988040728161,6.223781403035588],[-75.55982613457275,6.222987971386932],[-75.56024170636026,6.223147479236022],[-75.56064584428667,6.222842745886632],[-75.56113952576703,6.220876087330475],[-75.56210387762557,6.220555167712076],[-75.56238054281462,6.219897488033644],[-75.56175778759668,6.21948614519676],[-75.56047386557277,6.220172063208884],[-75.55987199844137,6.219976556374285],[-75.55741831760892,6.215261982800171],[-75.5576300562125,6.214631424220636],[-75.56320547071364,6.215675664212853],[-75.56426747902995,6.216614737452482],[-75.56460284352816,6.21799225970456],[-75.56598781385568,6.218385520812699],[-75.56636101073858,6.220176636890908],[-75.56545255457908,6.221268252280542],[-75.56506691282242,6.223771289637587],[-75.56528032754359,6.225172540584407],[-75.56487210895848,6.225817791898717],[-75.56322514306319,6.225044830392685]]]}},{"type":"Feature","properties":{"codigo":"Inst_9","nombre":"Parque Norte","comuna":"Comuna 04 Aranjuez"},"geometry":{"type":"Polygon","coordinates":[[[-75.56809433350979,6.275118027361255],[-75.56554221694643,6.272319013228437],[-75.56498896851683,6.272195291172731],[-75.5655136228011,6.269240620772465],[-75.5708191580107,6.270839024270661],[-75.5696912336733,6.275840259153976],[-75.56809433350979,6.275118027361255]]]}},{"type":"Feature","properties":{"codigo":"0809","nombre":"Sucre","comuna":"Comuna 08 Vista Hermosa"},"geometry":{"type":"Polygon","coordinates":[[[-75.54750382090181,6.246760422516058],[-75.54850728322266,6.243922932091958],[-75.549018266895,6.244121837396184],[-75.54937006241995,6.243283361443153],[-75.54965519621605,6.243403155227341],[-75.54974782189586,6.242673152679094],[-75.55365900211675,6.243077830187779],[-75.55576557346338,6.245818231129494],[-75.55426753581713,6.248265859395291],[-75.5515624189314,6.246567329628658],[-75.54953931954667,6.246992156230657],[-75.54883692494602,6.246697190554162],[-75.54750382090181,6.246760422516058]]]}},{"type":"Feature","properties":{"codigo":"6001","nombre":"La Palma","comuna":""},"geometry":{"type":"Polygon","coordinates":[[[-75.64717405633598,6.274592644813753],[-75.64094509396097,6.27754671160742],[-75.64037598020283,6.278063593713413],[-75.63964696342511,6.277874502250194],[-75.6391497430203,6.277085144555398],[-75.63831968170318,6.276780163199933],[-75.63887161369459,6.275513687690316],[-75.64039647936896,6.273834236834844],[-75.64131327321786,6.272262603958098],[-75.64455940600362,6.270237113038825],[-75.6454338080283,6.267231084254223],[-75.64741502249704,6.264899897986411],[-75.64864810828959,6.264129777829282],[-75.65029355119543,6.260799542666931],[-75.65179079612744,6.260836720887334],[-75.65381315862604,6.2603179441982],[-75.65592841666515,6.260964552517244],[-75.65722825235596,6.26076706894106],[-75.66019310230793,6.258091091056069],[-75.66261506093596,6.257495985188732],[-75.66356617322481,6.254894061615399],[-75.66483891788536,6.252910871400974],[-75.66665443611642,6.25389054633068],[-75.66722363783201,6.255139346774589],[-75.66938646096091,6.256074263558049],[-75.67046133079597,6.2590038295966],[-75.67193088399304,6.260248023685635],[-75.67297538240534,6.261678012980126],[-75.6734298045999,6.263762639764598],[-75.67469813385888,6.26552880703979],[-75.67490928073482,6.267567595396434],[-75.67596277058705,6.268672135963484],[-75.67619378492043,6.269381885637928],[-75.67787297777306,6.270302331090163],[-75.6794835127294,6.272439706942894],[-75.68150328202157,6.276930619989581],[-75.68344153867336,6.279796935726746],[-75.68176872642518,6.27975432094881],[-75.67972406747685,6.280672350220943],[-75.6781641109368,6.280851979459731],[-75.67654073695692,6.280198402644928],[-75.67598212148404,6.280346177381419],[-75.67475921059015,6.27930227419603],[-75.673736701245,6.278891147220683],[-75.67118593601484,6.279039313673386],[-75.6702581158288,6.277710571760625],[-75.66881404416424,6.277552646076565],[-75.66727519029035,6.277827161571331],[-75.66424998468715,6.277300374815714],[-75.66409165176862,6.276066404328727],[-75.6601494842793,6.275771794351245],[-75.65891632326667,6.276162249410778],[-75.65721902585145,6.274453923794632],[-75.65673414795222,6.27433798829933],[-75.65511103852852,6.275002722340375],[-75.65364588580158,6.27477092845468],[-75.65292918709861,6.275066361410535],[-75.6516643219367,6.274961093802879],[-75.6500199232508,6.274339079823003],[-75.64896594794165,6.274750577400406],[-75.64717405633598,6.274592644813753]]]}},{"type":"Feature","properties":{"codigo":"8005","nombre":"El Astillero","comuna":""},"geometry":{"type":"Polygon","coordinates":[[[-75.68344153867336,6.279796935726746],[-75.68150328202157,6.276930619989581],[-75.6794835127294,6.272439706942894],[-75.67787297777306,6.270302331090163],[-75.67619378492043,6.269381885637928],[-75.67596277058705,6.268672135963484],[-75.67490928073482,6.267567595396434],[-75.67469813385888,6.26552880703979],[-75.6734298045999,6.263762639764598],[-75.67297538240534,6.261678012980126],[-75.67193088399304,6.260248023685635],[-75.67046133079597,6.2590038295966],[-75.66938646096091,6.256074263558049],[-75.66722363783201,6.255139346774589],[-75.66665443611642,6.25389054633068],[-75.66483891788536,6.252910871400974],[-75.66486244414209,6.251981975543397],[-75.66553266145281,6.2502869134431],[-75.66473232734829,6.246382436617468],[-75.66508614235556,6.243975815334326],[-75.66383324724553,6.242796966556576],[-75.66090520991344,6.241092185198379],[-75.65914571500772,6.239333227667504],[-75.66029857113226,6.237994051532326],[-75.66067232846643,6.236924595560866],[-75.65984220213082,6.234986703897243],[-75.65960707995372,6.232998408394248],[-75.65779389385472,6.231341333880233],[-75.6586977368003,6.230915561110969],[-75.66036267840637,6.229185559613857],[-75.6623755402923,6.228183235987743],[-75.66346066009717,6.225715035943173],[-75.66409295154118,6.225314134346581],[-75.66567385343473,6.22527165570681],[-75.66787592620487,6.221759082990897],[-75.66977267538549,6.220039556246015],[-75.66949854567079,6.219470068878384],[-75.6707419684825,6.218372937901382],[-75.67048879578276,6.217181171993125],[-75.67067838406304,6.216569406774995],[-75.67023568030748,6.216284722931372],[-75.66998253821838,6.215240615629463],[-75.67073067849981,6.214502178739661],[-75.67075162353875,6.213816618131472],[-75.67125752595084,6.213932536672123],[-75.67176328169539,6.21328906840325],[-75.67200567966773,6.21327847365999],[-75.67269100447943,6.214691641805326],[-75.67398726036572,6.214374972956798],[-75.67412439007903,6.214976126235866],[-75.67491494232978,6.215534960152433],[-75.67502048024816,6.216252137020451],[-75.67788751983552,6.218055092694316],[-75.67838311462405,6.219257350235689],[-75.67832007001363,6.22017495622111],[-75.67991174721186,6.221324248068138],[-75.6793638858572,6.222199766631707],[-75.6790792472878,6.221830680531589],[-75.67715107542391,6.224383462669482],[-75.67742519215761,6.224836927622664],[-75.67813136639353,6.225005533278168],[-75.67814202012903,6.22555397648614],[-75.67770997391806,6.225891571402734],[-75.67841654564295,6.227958641515141],[-75.67893307186654,6.228401508564754],[-75.67858558681992,6.229920353207793],[-75.67915478586501,6.230236644786629],[-75.68003002822954,6.232430240340844],[-75.6805676546482,6.232946930872952],[-75.6808208280545,6.2340015793922],[-75.68048377329357,6.234993071513635],[-75.68066309458797,6.235689136219573],[-75.68141154407105,6.236332344099695],[-75.68155934142386,6.237460844308058],[-75.68240252187364,6.237502849701961],[-75.68330917141304,6.238610089930259],[-75.68445811470912,6.23915828276226],[-75.6866303816968,6.244030521418169],[-75.68708360068072,6.244072607333464],[-75.68721029226506,6.245021809915808],[-75.68773732977412,6.245232630920234],[-75.68783234808076,6.245939258941714],[-75.6883699196319,6.246118436119618],[-75.68891845774604,6.248164431346292],[-75.69046799209859,6.248923458542737],[-75.69190169802513,6.250136029870979],[-75.69316708541162,6.252667014105819],[-75.69369418012487,6.253078221395148],[-75.69394737550701,6.254069579822787],[-75.69411633280512,6.255398462438366],[-75.6935052517051,6.256400574892953],[-75.6938007025581,6.257782162187514],[-75.6942224384507,6.258341052314726],[-75.69421224162834,6.259775448266808],[-75.69473941810702,6.260492518013111],[-75.69469770423683,6.262348801512687],[-75.69367568912897,6.263931097870838],[-75.69416075932386,6.264859117371456],[-75.69327605672594,6.267685927202669],[-75.69300214329995,6.2682449832758],[-75.69229600447224,6.26848773227426],[-75.69188507123789,6.269067915132739],[-75.69186436936582,6.270671063966569],[-75.690990109232,6.273170909460402],[-75.6916756238108,6.274837175284306],[-75.69164450074622,6.275793894525864],[-75.69023905344389,6.275873405375235],[-75.68869541021621,6.276729200533447],[-75.68667010422207,6.279850252847076],[-75.68354959175305,6.28058197386922],[-75.68344153867336,6.279796935726746]]]}},{"type":"Feature","properties":{"codigo":"8002","nombre":"Potrerito","comuna":""},"geometry":{"type":"Polygon","coordinates":[[[-75.66373977944222,6.195508269185709],[-75.66076770669478,6.194770502729142],[-75.66005081081089,6.193283494615896],[-75.6595449464355,6.193262488212663],[-75.658670082,6.192397780045698],[-75.65745805888139,6.191997197329676],[-75.65682556537094,6.190984786312065],[-75.65767801242507,6.188032272541404],[-75.65836852232547,6.186994221201291],[-75.65853008859786,6.187634203222294],[-75.65911972801906,6.187809690519294],[-75.65936896018559,6.188424921913334],[-75.659895481589,6.188662053071484],[-75.6611119844541,6.187807530649629],[-75.66211474913757,6.188294402437528],[-75.66286577567861,6.187659889872847],[-75.66217088514207,6.187209613321069],[-75.66192609466847,6.186420755368207],[-75.66148335336504,6.18638608170988],[-75.66158760486204,6.185910764548229],[-75.66093797246032,6.185895782063271],[-75.66132180629643,6.18536091254747],[-75.66043340525638,6.184804237747054],[-75.66078372961904,6.184427396029984],[-75.66091399488346,6.183298889040387],[-75.66149217324306,6.182911023258382],[-75.66163153772212,6.181887479902762],[-75.66353727043139,6.182175406451185],[-75.66302140666686,6.181942627086002],[-75.66278668493356,6.1802248075459],[-75.66314218627994,6.179932388839865],[-75.66266245395097,6.179385027721016],[-75.66255326937221,6.179473777472979],[-75.66241311263438,6.179463027833313],[-75.66359975068734,6.17864356701401],[-75.66469582926409,6.179065251355297],[-75.66573912243152,6.178980683289845],[-75.66626593049031,6.178347763402795],[-75.6680469201753,6.178284150231847],[-75.67044948961401,6.177239535992569],[-75.6724409621734,6.175741469163817],[-75.67309412877533,6.174644448035667],[-75.67387395241605,6.174559917669223],[-75.67456924564875,6.173357415279185],[-75.67558080169022,6.172724388936834],[-75.67961613170893,6.168610211440581],[-75.6820622184324,6.168578406213904],[-75.68188301088985,6.171342866481546],[-75.68120521041487,6.17414407490462],[-75.68154880475997,6.177464086202193],[-75.68391391051055,6.181666330989539],[-75.68499180487373,6.185565728210196],[-75.68352954581295,6.185779966272265],[-75.68241235340157,6.185316137726406],[-75.68075792082769,6.185917672341877],[-75.67911382429814,6.18556996526634],[-75.67781790353693,6.187162837213115],[-75.6763953046583,6.187743216707112],[-75.67553187179851,6.191392668387158],[-75.67459397682839,6.191645986596686],[-75.6737089144679,6.192605943405882],[-75.67290796969586,6.192606102507955],[-75.67173829366183,6.193249701585599],[-75.66898766604318,6.193197496170808],[-75.6682813350257,6.191953078834732],[-75.66639495825315,6.192259294264396],[-75.66684778932387,6.190455666142966],[-75.6650244253735,6.189538409373426],[-75.66197930301865,6.192703069803158],[-75.6624326247949,6.193578394892742],[-75.66294900259885,6.193462284086624],[-75.66300176535375,6.193841969253675],[-75.66427706526446,6.194442921379795],[-75.66732286400806,6.194916977379735],[-75.66373977944222,6.195508269185709]]]}},{"type":"Feature","properties":{"codigo":"0AE1","nombre":"Área de Expansión Pajarito","comuna":""},"geometry":{"type":"Polygon","coordinates":[[[-75.60561986066688,6.294867991317337],[-75.60549728735126,6.293856811775355],[-75.6061630914527,6.292491434809366],[-75.60510776898764,6.290732946627021],[-75.60403568387717,6.290425939814202],[-75.60208663384434,6.287295063395788],[-75.6023400165523,6.286606645647978],[-75.6027826086191,6.28678367124101],[-75.6028061430938,6.286361054076412],[-75.6039249381469,6.285479485855578],[-75.60421071171965,6.28572006192774],[-75.60452485188813,6.285508373834306],[-75.60571062797165,6.286615694201982],[-75.60577469927249,6.285986218904259],[-75.60625469444459,6.285767418211983],[-75.6056545682349,6.285486218319709],[-75.60547103491773,6.284664548446877],[-75.60576372081312,6.28407569672458],[-75.60656371964785,6.284132024400804],[-75.60667580468267,6.282944475439644],[-75.60839049348301,6.285203424659438],[-75.60967454563301,6.284520573248503],[-75.61005491627108,6.284811370445262],[-75.60990800803542,6.284078816264689],[-75.60900906907577,6.282918287124684],[-75.60919742437984,6.282518058894428],[-75.61004432584859,6.282195478776682],[-75.61051263214063,6.28228151331857],[-75.61079249703653,6.28275718540842],[-75.61034109617749,6.281001897506857],[-75.60907581428532,6.279442867355058],[-75.60997351680102,6.278344885039846],[-75.6131467900491,6.277462998589086],[-75.61475750220059,6.277496542392758],[-75.61537925332797,6.277814000224019],[-75.61704760789351,6.277564547681532],[-75.61736431543957,6.276818692132854],[-75.61850455704919,6.276877975206769],[-75.61931462654498,6.276345019516776],[-75.62037328162165,6.276545841808662],[-75.62141304887253,6.277564122682111],[-75.62238736045157,6.277516249504271],[-75.62319011748315,6.278134608038433],[-75.62324648288154,6.278789309434623],[-75.62442143620979,6.279297345212758],[-75.62416531239127,6.280457362431846],[-75.62495866116926,6.28246621100993],[-75.62509445907165,6.283970502941245],[-75.62381146723307,6.283629304691642],[-75.62262622154468,6.284149213687114],[-75.6220528481657,6.285290928777787],[-75.62110546363687,6.285466487843758],[-75.61848362409823,6.285074021909669],[-75.6161669318363,6.2859948444563],[-75.61548828356165,6.286836644489905],[-75.61565630982379,6.287765135166825],[-75.61411569116805,6.288402469615508],[-75.61325220683783,6.289343792454412],[-75.61307733769178,6.290192619330511],[-75.61153752343701,6.290999523479735],[-75.6117429728794,6.291595560772953],[-75.6113052047165,6.292262634880014],[-75.61079254984794,6.29222002637749],[-75.61081163643189,6.292713444005345],[-75.6099529698166,6.292550064539751],[-75.60882124331658,6.293699175470951],[-75.60886344503129,6.294156240422879],[-75.60794063702185,6.293749263336751],[-75.6064176903737,6.294548683604799],[-75.60583602097549,6.294441860441891],[-75.60561986066688,6.294867991317337]]]}},{"type":"Feature","properties":{"codigo":"0AE7","nombre":"Área de Expansión San Antonio de Prado","comuna":""},"geometry":{"type":"Polygon","coordinates":[[[-75.65634245179642,6.182496370038566],[-75.65473859073938,6.182538096911417],[-75.65447545233273,6.182209298006326],[-75.6537974245929,6.182299811318567],[-75.65368332373195,6.181938216187629],[-75.65309331797715,6.181710042011002],[-75.65231032799838,6.182100031668299],[-75.65211434241593,6.181584763099649],[-75.65170054245299,6.181754334615939],[-75.65031329109287,6.180991772364333],[-75.64976121018309,6.181399802124368],[-75.6494511988838,6.180970434482269],[-75.64807362328698,6.18074354738653],[-75.64822123957246,6.18043579133368],[-75.6499621299096,6.180172386714159],[-75.6491283859783,6.179870953025331],[-75.65071416610627,6.178976833447869],[-75.65060332611924,6.178316364687896],[-75.65398255831526,6.178525444873277],[-75.65402759183354,6.177708416430743],[-75.65278367122562,6.176493822587018],[-75.65213679715328,6.17359649791875],[-75.65107219990124,6.173555857125097],[-75.65110457340931,6.17250514845263],[-75.65205019830782,6.172624757530676],[-75.65212268026013,6.17114431948302],[-75.65250344320357,6.171093353565656],[-75.65306569711795,6.171631227140979],[-75.6535767255637,6.171395968279952],[-75.65421785027144,6.172010817221063],[-75.65566886698225,6.172101011103524],[-75.65863571863649,6.170947538526461],[-75.65832017726062,6.171275722296958],[-75.65851233800808,6.171731665704594],[-75.65778117954417,6.171553052357652],[-75.65732206908102,6.172110447920361],[-75.65682189515279,6.172179789213257],[-75.65673978989516,6.172638789223092],[-75.6571025646106,6.17359357613874],[-75.65781804204514,6.173863004850259],[-75.65817995298588,6.174496100556037],[-75.6574631214073,6.175371298347541],[-75.65760147926089,6.176238106452615],[-75.65894851680083,6.176772016620938],[-75.65876489543206,6.177254123295616],[-75.6590505411084,6.177338810241986],[-75.6590591631906,6.178054233381674],[-75.65860975300876,6.178792062897073],[-75.65895333417319,6.179125845860031],[-75.65884374073221,6.179998247226918],[-75.66059542937708,6.180413648210454],[-75.6613154434421,6.18009490326128],[-75.66140415733783,6.17968670816364],[-75.66227049108745,6.179463981521465],[-75.6614063992615,6.180653212915767],[-75.66140712761135,6.181556876565108],[-75.66055482862208,6.18136254437546],[-75.66002705945975,6.181802736422781],[-75.65799577357473,6.181140917236316],[-75.65634245179642,6.182496370038566]]]}},{"type":"Feature","properties":{"codigo":"6014","nombre":"La Loma","comuna":""},"geometry":{"type":"Polygon","coordinates":[[[-75.6263836759962,6.276521177183444],[-75.62534344820432,6.275264079789038],[-75.62442521786429,6.275530869621716],[-75.62349204749691,6.275190984669416],[-75.62217568443174,6.275318658695912],[-75.62068255757569,6.273798909672409],[-75.61910204296152,6.272885494896968],[-75.61886393778848,6.272055211389406],[-75.62006162595861,6.270072106383734],[-75.61849403625797,6.270116086349156],[-75.61792163875889,6.270582333441663],[-75.61711302967636,6.270654358660884],[-75.61664309879819,6.270316160694748],[-75.61626785878552,6.269601589311464],[-75.61708732513175,6.269965219039029],[-75.6170825528479,6.269536606419885],[-75.61556873858358,6.266075582604164],[-75.61470408222004,6.264944680090038],[-75.61472850427663,6.26402688023177],[-75.61421515497757,6.26254115094409],[-75.61444089748079,6.261918055019082],[-75.61399271885415,6.261938857671781],[-75.6145491573779,6.260679743455261],[-75.61509445772619,6.260295575535626],[-75.61491666626993,6.259832191505516],[-75.61652638209762,6.261530590087965],[-75.61667110524625,6.26221234573643],[-75.61694939058938,6.261744086030436],[-75.61726032907185,6.261756749730212],[-75.61740736146618,6.262699657895836],[-75.61774946690231,6.262602360752003],[-75.61812200825867,6.263248924630011],[-75.61853014090451,6.262978544098125],[-75.61909364367442,6.263340102278631],[-75.61956030076733,6.264282779556619],[-75.61997941516314,6.263341570430617],[-75.62062649314278,6.263662265191659],[-75.62116583457089,6.263429089187404],[-75.62171036669258,6.264038856259735],[-75.62134523363935,6.263446292917162],[-75.62157554591998,6.262513768988089],[-75.62257605945668,6.262661692242066],[-75.623264689122,6.262339873939983],[-75.62425003894829,6.262782067477626],[-75.62319072413466,6.261176657601315],[-75.6234718535742,6.260206376862809],[-75.62276073149856,6.259533091663212],[-75.62339132915409,6.258456104675747],[-75.62337979883507,6.257688157745385],[-75.62573765281087,6.2590071901443],[-75.62671598746938,6.260108960875218],[-75.62729958422656,6.261502223411719],[-75.62771378836,6.261534858013025],[-75.6280887479107,6.262293792897833],[-75.62840249811593,6.263432213064756],[-75.62808483347871,6.264181564277681],[-75.62867679610967,6.264872880500297],[-75.62834539434023,6.264182584239821],[-75.62868091870371,6.263660748544805],[-75.63043125610805,6.263863363888307],[-75.62960842898244,6.26334225049445],[-75.62923196177191,6.262550074233944],[-75.6296814337493,6.262161198347589],[-75.63016468496433,6.260634640904452],[-75.63094205782792,6.259433793132303],[-75.63235677096695,6.258312700902362],[-75.63121211032843,6.257970409981065],[-75.63101539832817,6.257300085766703],[-75.6303409889413,6.257094445294664],[-75.63039830659301,6.256783920607276],[-75.62875649487019,6.255128670661867],[-75.62909627786539,6.25472176919059],[-75.6302570687805,6.25548228767113],[-75.63145862264855,6.255319337842335],[-75.63206517857456,6.254328003808088],[-75.63149704807616,6.253564148197476],[-75.63203452776396,6.252560036059717],[-75.63152962505309,6.252634518752854],[-75.63088675355567,6.252156716011715],[-75.62968719268427,6.252277381948072],[-75.62933862174924,6.250651594437242],[-75.63009344881846,6.250657120038026],[-75.63088895794989,6.249987257416572],[-75.6349017079886,6.251987422835398],[-75.63697421868147,6.253390785155133],[-75.63895129055462,6.254004302132905],[-75.64255105283087,6.253781653718204],[-75.64547348545493,6.254871485175179],[-75.64646192140017,6.25589845271495],[-75.64861038628968,6.25934909482637],[-75.65029355119543,6.260799542666931],[-75.64864810828959,6.264129777829282],[-75.64741502249704,6.264899897986411],[-75.6454338080283,6.267231084254223],[-75.64455940600362,6.270237113038825],[-75.64131327321786,6.272262603958098],[-75.64039647936896,6.273834236834844],[-75.63860902820576,6.275784324724317],[-75.63580443758944,6.275553297795645],[-75.63591524632021,6.276751234450277],[-75.63478851396017,6.276426904864045],[-75.63394043440033,6.277048085387347],[-75.63363785095522,6.276001436702402],[-75.63226789928157,6.275888287999909],[-75.63162137304938,6.276236226999679],[-75.63067600572212,6.276036418558024],[-75.62992304068925,6.276652377887241],[-75.6291278873288,6.275762001208173],[-75.62795444381834,6.277134002532329],[-75.6263836759962,6.276521177183444]]]}},{"type":"Feature","properties":{"codigo":"8004","nombre":"Yarumalito","comuna":""},"geometry":{"type":"Polygon","coordinates":[[[-75.67491494232978,6.215534960152433],[-75.67245890770675,6.213499872423663],[-75.67192116240874,6.212234333939211],[-75.6731014562313,6.211780579306881],[-75.67352313195006,6.212339488079846],[-75.67428184671049,6.211822532092379],[-75.67482990330434,6.211927892813772],[-75.67526190281158,6.211411000514763],[-75.6772855157768,6.211906297191602],[-75.67997286019612,6.211272914383798],[-75.68157483727718,6.21142023244319],[-75.68176462449023,6.2118104316067],[-75.68368263551379,6.211303759710292],[-75.68415679655558,6.210850133239681],[-75.68457796726382,6.209057045763381],[-75.6850733148961,6.20910967202947],[-75.6848410892995,6.207443292515809],[-75.68529406516336,6.206525600650387],[-75.68503042414376,6.20577681911406],[-75.68559924340946,6.204479408906765],[-75.68546198356378,6.203329812779502],[-75.68390200518004,6.202359827793451],[-75.6839861401434,6.201547687617405],[-75.68372266050977,6.201516104193498],[-75.68382787025156,6.200693412669661],[-75.68514510009041,6.20009194281391],[-75.68530262671105,6.197560619873069],[-75.68503914331956,6.197507942919465],[-75.68495503672165,6.198436100673146],[-75.68441775560203,6.199353810517759],[-75.68329010777344,6.199406791233386],[-75.68228874838722,6.198637073572231],[-75.68138272994808,6.20015604191765],[-75.68072934803506,6.200293292978909],[-75.68040277336804,6.200915636550446],[-75.6782211833293,6.200747340787568],[-75.67825259207612,6.199745366166352],[-75.67861081649566,6.199270675198869],[-75.67828378501672,6.197699234373246],[-75.6775774218022,6.196433735959427],[-75.67993736007634,6.192826156784083],[-75.68308802169041,6.190863735596546],[-75.68393066843531,6.188796332277087],[-75.68523729908352,6.188047206708236],[-75.68569011023448,6.187929200686255],[-75.6865286708554,6.188685760688569],[-75.6898666070966,6.193158533782941],[-75.69317307179426,6.193626442803395],[-75.69456072271593,6.194705907021748],[-75.69651188332404,6.195075711687156],[-75.69720921559157,6.198395144633266],[-75.69863001218157,6.200834324058481],[-75.70010370693738,6.202269641880653],[-75.70163420273293,6.203060122028707],[-75.70236259912572,6.204804862357641],[-75.70126055262779,6.206720699472282],[-75.69858034289516,6.210151891640328],[-75.69967720437363,6.212065099664533],[-75.70030601756478,6.216730634760066],[-75.70149047553335,6.218187877062106],[-75.70002348226849,6.220975081098393],[-75.7000085929761,6.222055093899423],[-75.70221442358631,6.224513056960202],[-75.70228564100948,6.226454578690793],[-75.70329357783461,6.227556785031799],[-75.70201811254364,6.231582039112663],[-75.70239562641412,6.23626502559293],[-75.70295222947536,6.237943349376563],[-75.70607610474524,6.242327065239948],[-75.70946244850101,6.242814442906805],[-75.71036364364866,6.243765700431879],[-75.71054180605636,6.245139324249422],[-75.70922871240238,6.249674267658507],[-75.70968805979659,6.25103893830773],[-75.7089333621379,6.251818332895625],[-75.70986703846236,6.253597490633551],[-75.70840149181252,6.255722296103015],[-75.70779599578115,6.25827021852534],[-75.70689588124608,6.25852431843493],[-75.70611499512435,6.260249277401626],[-75.70412030646084,6.261606458635639],[-75.70291065509907,6.261670214890315],[-75.70258087371003,6.261974414945779],[-75.7026090889764,6.263448025001411],[-75.7023010766636,6.264062104934539],[-75.69997050745017,6.265236529992391],[-75.69915148254098,6.266671436764749],[-75.69891135716904,6.268213877232121],[-75.69681117670203,6.271645363650136],[-75.69641864249306,6.272945830268524],[-75.69367544776003,6.273934199508997],[-75.69164450074622,6.275793894525864],[-75.6916756238108,6.274837175284306],[-75.690990109232,6.273170909460402],[-75.69186436936582,6.270671063966569],[-75.69188507123789,6.269067915132739],[-75.69229600447224,6.26848773227426],[-75.69300214329995,6.2682449832758],[-75.69327605672594,6.267685927202669],[-75.69416075932386,6.264859117371456],[-75.69367568912897,6.263931097870838],[-75.69469770423683,6.262348801512687],[-75.69473941810702,6.260492518013111],[-75.69421224162834,6.259775448266808],[-75.6942224384507,6.258341052314726],[-75.6938007025581,6.257782162187514],[-75.6935052517051,6.256400574892953],[-75.69411633280512,6.255398462438366],[-75.69381017537769,6.253310227979723],[-75.69316708541162,6.252667014105819],[-75.69190169802513,6.250136029870979],[-75.69046799209859,6.248923458542737],[-75.68891845774604,6.248164431346292],[-75.6883699196319,6.246118436119618],[-75.68783234808076,6.245939258941714],[-75.68773732977412,6.245232630920234],[-75.68721029226506,6.245021809915808],[-75.68708360068072,6.244072607333464],[-75.6866303816968,6.244030521418169],[-75.68445811470912,6.23915828276226],[-75.68330917141304,6.238610089930259],[-75.68240252187364,6.237502849701961],[-75.68155934142386,6.237460844308058],[-75.68141154407105,6.236332344099695],[-75.68066309458797,6.235689136219573],[-75.68048377329357,6.234993071513635],[-75.6808208280545,6.2340015793922],[-75.6805676546482,6.232946930872952],[-75.68003002822954,6.232430240340844],[-75.67915478586501,6.230236644786629],[-75.67858558681992,6.229920353207793],[-75.67893307186654,6.228401508564754],[-75.67841654564295,6.227958641515141],[-75.67770997391806,6.225891571402734],[-75.67814202012903,6.22555397648614],[-75.67813136639353,6.225005533278168],[-75.67742519215761,6.224836927622664],[-75.67715107542391,6.224383462669482],[-75.6790792472878,6.221830680531589],[-75.6793638858572,6.222199766631707],[-75.67991174721186,6.221324248068138],[-75.67832007001363,6.22017495622111],[-75.67838311462405,6.219257350235689],[-75.67788751983552,6.218055092694316],[-75.67502048024816,6.216252137020451],[-75.67491494232978,6.215534960152433]]]}},{"type":"Feature","properties":{"codigo":"9011","nombre":"Mazo","comuna":""},"geometry":{"type":"Polygon","coordinates":[[[-75.49005146232847,6.253519802752011],[-75.48643695489868,6.249005126162892],[-75.48646898696444,6.246347280481646],[-75.48709097055689,6.245482520624428],[-75.48705942271198,6.245018445951392],[-75.49862185073108,6.242995073566262],[-75.49973902738701,6.243290536365679],[-75.50056100375603,6.244260970570853],[-75.50140447405064,6.242004013491817],[-75.50274309169279,6.241434642173425],[-75.50282753777638,6.240401042748533],[-75.50400797881811,6.240453922644529],[-75.50361813832446,6.239399172054061],[-75.50406091684856,6.238492181461402],[-75.50471435022574,6.238703200657043],[-75.50558894482519,6.240380284794814],[-75.50600002601924,6.240106109745126],[-75.50702222874217,6.241382421032958],[-75.50904540166492,6.245432713117557],[-75.5092348342181,6.247974569438928],[-75.50985656641285,6.24905043594681],[-75.51414608576579,6.25112866030075],[-75.51494712817876,6.251054913376531],[-75.51528427679365,6.252331138413207],[-75.51587448302858,6.252647608550997],[-75.51607468708973,6.25319607385847],[-75.5156951752818,6.253923781243836],[-75.51361859742902,6.255864222470221],[-75.51349192466785,6.257709939132542],[-75.51323894167484,6.257920853842309],[-75.51324921753674,6.260441595033658],[-75.51164708957464,6.260726194488537],[-75.50967617917468,6.259903309931144],[-75.50864320907571,6.260261792376866],[-75.50628230915659,6.259544321145071],[-75.50470144830513,6.258267941656172],[-75.50427984440154,6.25828898459531],[-75.5033836882554,6.260313904994292],[-75.50449018536158,6.26207539260626],[-75.50374167817716,6.263351491972324],[-75.50263488325625,6.26397362904087],[-75.50124364769651,6.263435555220409],[-75.49853487233548,6.263066055867916],[-75.4979446883816,6.262580814281089],[-75.49806076238715,6.261589409766057],[-75.49752330069242,6.260956516440356],[-75.49571045132478,6.26058712224385],[-75.49420319280566,6.260745117029107],[-75.49383439260914,6.260017320442422],[-75.49385564110118,6.25882550936475],[-75.49271761924666,6.256694848492083],[-75.49324485637767,6.255039041187932],[-75.49005146232847,6.253519802752011]]]}},{"type":"Feature","properties":{"codigo":"7003","nombre":"El Corazón El Morro","comuna":""},"geometry":{"type":"Polygon","coordinates":[[[-75.65449855271521,6.260434646739441],[-75.65042624366636,6.260884858530805],[-75.64861038628968,6.25934909482637],[-75.64646192140017,6.25589845271495],[-75.64517345083377,6.25468866322676],[-75.64255105283087,6.253781653718204],[-75.63895129055462,6.254004302132905],[-75.63662924975479,6.253248003771628],[-75.63204392474965,6.250444550049668],[-75.6315628028531,6.249529708252893],[-75.63242251433361,6.248872104908049],[-75.63120284917223,6.248340571803021],[-75.63141921764634,6.247788243916041],[-75.63049994769071,6.246515321494468],[-75.62869825904622,6.246146799301444],[-75.62829214386618,6.245417708832155],[-75.62716039261704,6.245483651379174],[-75.62625999299757,6.246466083347269],[-75.62549447757111,6.246063928815354],[-75.62413820053253,6.246354439807699],[-75.62375702873626,6.245923935398667],[-75.62322197572169,6.24588564257182],[-75.62313360772937,6.245616216369648],[-75.62362424533124,6.24530718552475],[-75.62339560100617,6.245118311166564],[-75.62363001044095,6.244653593780114],[-75.6233152134559,6.244803805577396],[-75.6232196540647,6.244507542620153],[-75.62276820384479,6.244592758254147],[-75.62234815917569,6.244245745839814],[-75.62293779351585,6.243544076948911],[-75.62260044788881,6.24338434351524],[-75.62280473124608,6.242989612996888],[-75.6234699948473,6.242680925571676],[-75.62278653534801,6.242281803573425],[-75.62281455705815,6.241741171867894],[-75.62179624089099,6.241946744904229],[-75.62181070895838,6.241015436823822],[-75.62116526253655,6.24056618091825],[-75.62065077562417,6.240728796978716],[-75.61990200159468,6.242337748839092],[-75.61938247712636,6.242441598383485],[-75.61934211296628,6.241574470752287],[-75.61700068048533,6.241076266355068],[-75.61664749979451,6.240717668146178],[-75.61655424812231,6.241015773493271],[-75.6159665538269,6.241081433044604],[-75.615342998944,6.240202354585758],[-75.61392091315255,6.240403107945362],[-75.61406297961157,6.239279528678369],[-75.61351221499518,6.239001660117051],[-75.61265221761863,6.23776594055713],[-75.61267893214688,6.236903940174229],[-75.6144129205918,6.237963024092649],[-75.61510898067213,6.237819550902143],[-75.6169409847059,6.238343665725182],[-75.6178945459239,6.2400228964165],[-75.61943311333957,6.240653296375538],[-75.62061993235066,6.240638571760914],[-75.62218978488258,6.240138669245883],[-75.6267430356293,6.2410241335692],[-75.628260739579,6.24087630498796],[-75.63230813594205,6.242057095082127],[-75.63480577288266,6.239820814998289],[-75.63618642579405,6.239451492883947],[-75.63823112328977,6.239430130700616],[-75.64038140406238,6.240779860794721],[-75.64142485832257,6.240937922098332],[-75.64567231193283,6.24057871547286],[-75.64746395882682,6.239882344769799],[-75.64884468036422,6.240029793590005],[-75.65081548129805,6.239238461632914],[-75.65490493470516,6.239585855861657],[-75.6594668633335,6.238918603094326],[-75.65914571500772,6.239333227667504],[-75.66066257905905,6.240882227421616],[-75.66415131443885,6.243017351251279],[-75.66508614235556,6.243975815334326],[-75.66473232734829,6.246382436617468],[-75.66548974760998,6.249744418749509],[-75.6654400273033,6.250914333960059],[-75.66486244414209,6.251981975543397],[-75.66483891788536,6.252910871400974],[-75.66356617322481,6.254894061615399],[-75.66261506093596,6.257495985188732],[-75.66019310230793,6.258091091056069],[-75.65690300253253,6.260885642896724],[-75.65592841666515,6.260964552517244],[-75.65449855271521,6.260434646739441]]]}},{"type":"Feature","properties":{"codigo":"0301","nombre":"La Salle","comuna":"Comuna 03 Manrique"},"geometry":{"type":"Polygon","coordinates":[[[-75.55264201577026,6.286304404822316],[-75.55045752478591,6.285083725330324],[-75.54952334681008,6.284989303605045],[-75.54897308929222,6.285282929617083],[-75.54866838068031,6.285065462702722],[-75.54806931703195,6.285344739931062],[-75.54677661992659,6.284794875534332],[-75.54451744781402,6.285833345740903],[-75.54366886734914,6.285886870429806],[-75.54364456018394,6.284692676394241],[-75.54406348851218,6.284247108572032],[-75.54370497086184,6.282699284119857],[-75.54450226146848,6.282661899106148],[-75.54537723116955,6.282101421728798],[-75.54543623154403,6.282597788028621],[-75.54639790372431,6.282012010601187],[-75.54739126708002,6.282217790409335],[-75.54874953519393,6.281467859528436],[-75.55108028886436,6.282109124945082],[-75.55125353341873,6.281450462758766],[-75.55174544016855,6.281439738883233],[-75.55227652851428,6.282070100322524],[-75.55277454551853,6.281969117414086],[-75.55287163957804,6.282230863771696],[-75.55264201577026,6.286304404822316]]]}},{"type":"Feature","properties":{"codigo":"0412","nombre":"La Piñuela","comuna":"Comuna 04 Aranjuez"},"geometry":{"type":"Polygon","coordinates":[[[-75.55796220325782,6.283352508077077],[-75.55283276934703,6.283220817489846],[-75.55292007406499,6.281752731759603],[-75.55413327056942,6.281045091114254],[-75.5552217302518,6.279633983043303],[-75.55640210884437,6.279527443510427],[-75.5577364749514,6.278072768929674],[-75.55824887122542,6.27799301343079],[-75.55796220325782,6.283352508077077]]]}},{"type":"Feature","properties":{"codigo":"0710","nombre":"López de  Mesa","comuna":"Comuna 07 Robledo"},"geometry":{"type":"Polygon","coordinates":[[[-75.58221063657501,6.285133811158111],[-75.58014865904113,6.284760136201921],[-75.57825706956649,6.283759851351912],[-75.5788611568472,6.280941391390418],[-75.57950072805991,6.281060917829663],[-75.57969870054363,6.28079540911011],[-75.58416598097884,6.284432478335157],[-75.58457709487504,6.287405220241737],[-75.58414306613689,6.287444056162424],[-75.5843066584951,6.286760063001806],[-75.58390630830793,6.286054772265919],[-75.58221063657501,6.285133811158111]]]}},{"type":"Feature","properties":{"codigo":"6009","nombre":"Yolombo","comuna":""},"geometry":{"type":"Polygon","coordinates":[[[-75.62336188974038,6.314988336719276],[-75.61573744145133,6.313206225312165],[-75.61459657490506,6.314035547503005],[-75.61289372281257,6.314205826011738],[-75.61175683523865,6.314182933392337],[-75.61046114477608,6.313622090996933],[-75.60880485427347,6.313944075278998],[-75.60788846015984,6.313617691942206],[-75.60769236282029,6.312486611700815],[-75.60549859893412,6.310375179432894],[-75.60678582117963,6.309423427660496],[-75.6087569972904,6.309286166927005],[-75.6032647006833,6.303559537031378],[-75.60219981841907,6.299836511212492],[-75.60075564379,6.298708072934562],[-75.60136694886394,6.297663879157486],[-75.60329582297406,6.296102795079216],[-75.60721702271734,6.296229080953441],[-75.60698514553773,6.29652441536084],[-75.60721705582893,6.296682602847184],[-75.60814465749084,6.296777456161963],[-75.60928305118314,6.296545333591789],[-75.61095894222008,6.295290105021381],[-75.61413168598493,6.294815218473029],[-75.61438456966656,6.293728853159745],[-75.6166401890956,6.292557930270007],[-75.61759959294625,6.294614509033827],[-75.6201189880674,6.296069752539474],[-75.62225920231396,6.300182871009252],[-75.62203794615277,6.301184859910123],[-75.62277597286204,6.302724647509156],[-75.62235452635767,6.304580965360517],[-75.6225549646208,6.306110260889089],[-75.62298725840122,6.307175464062235],[-75.62564396988002,6.310497486022628],[-75.62507666839218,6.313456316401687],[-75.62425091818871,6.313878627397004],[-75.62336188974038,6.314988336719276]]]}},{"type":"Feature","properties":{"codigo":"6011","nombre":"El Picacho","comuna":""},"geometry":{"type":"Polygon","coordinates":[[[-75.5910441240933,6.308562364932389],[-75.58646778156753,6.310038209479863],[-75.58696522110043,6.30950454493051],[-75.58655202593785,6.309518284784386],[-75.58625603033688,6.309105449164216],[-75.5869229569868,6.307596844778634],[-75.58563162951707,6.306750913421116],[-75.58600008341624,6.306253588451587],[-75.58561826880685,6.305268670242691],[-75.58412387566771,6.304849076658352],[-75.58385519351638,6.303158585742493],[-75.58426476215993,6.302822364137251],[-75.58483839762802,6.30287445533523],[-75.58514130070866,6.302289614526823],[-75.58596417537258,6.302476101976279],[-75.5864073267147,6.301867322838452],[-75.58615385209976,6.301482196990324],[-75.58658346133365,6.301223186398744],[-75.5867505171323,6.300562692457135],[-75.58606418354277,6.300145300114059],[-75.58628494238334,6.30003856847419],[-75.58610916537332,6.29949864500162],[-75.58694801137864,6.298513452233362],[-75.58667813324065,6.298268978770734],[-75.58634062818902,6.298473379491863],[-75.58690772573183,6.297968159549466],[-75.58632073207856,6.297048886603884],[-75.58693717088781,6.296541927002592],[-75.58716429944195,6.295709948990341],[-75.58836237574462,6.295015464277109],[-75.58827877304346,6.29472079868997],[-75.588838110508,6.294053558303519],[-75.5902667529433,6.295325791206903],[-75.59064477237939,6.296237095517897],[-75.59169022067461,6.295223786168334],[-75.59289107451949,6.295846511501423],[-75.59330207423062,6.295105952555831],[-75.59604109201545,6.295116725353181],[-75.59581148759858,6.294372435997862],[-75.59729506282018,6.294031082186094],[-75.59951169196628,6.2965776513618],[-75.60075564379,6.298708072934562],[-75.59842615584884,6.299541427332063],[-75.59656047447308,6.300617326948547],[-75.59500051210468,6.302473684142288],[-75.59441029991311,6.304097953803408],[-75.59437876117093,6.305774931632281],[-75.5938833794773,6.306734734182765],[-75.59496912990855,6.307177654162136],[-75.59515846572592,6.307738720188473],[-75.59408501868334,6.307883749679308],[-75.59378708389731,6.308455021010835],[-75.5910441240933,6.308562364932389]]]}},{"type":"Feature","properties":{"codigo":"6004","nombre":"La Cuchilla","comuna":""},"geometry":{"type":"Polygon","coordinates":[[[-75.65263749671064,6.296413560099244],[-75.64845194767621,6.290940322568515],[-75.64975892598814,6.290486598440294],[-75.65116095746416,6.291224668396154],[-75.65188821512308,6.290897595285055],[-75.65278419020737,6.290981827135228],[-75.6535327021518,6.291719995645521],[-75.65509275521705,6.291867397209088],[-75.6555987791079,6.292278646577209],[-75.65651580443267,6.292162474950087],[-75.65953056014325,6.292752589101219],[-75.66075346730689,6.29376488667515],[-75.6633465509968,6.294059736835563],[-75.66644570078978,6.294913469469265],[-75.67119515650894,6.297813427395695],[-75.67119299344564,6.30054435399882],[-75.67190583146392,6.30491593129852],[-75.67124654016044,6.308294039615771],[-75.6706644513637,6.309027506152027],[-75.66839810267389,6.307189807639647],[-75.66807115045052,6.306251187771064],[-75.66646881499108,6.305724142566171],[-75.66595196550345,6.30391015558083],[-75.6648238776444,6.302813478450829],[-75.66482379244962,6.302349409744118],[-75.662863117634,6.302022813124216],[-75.66166127376206,6.301042157921629],[-75.65956353352115,6.30048353841328],[-75.65834058908612,6.299334127446267],[-75.6565063573765,6.298638338936037],[-75.65585264557919,6.297583748224289],[-75.65497777324526,6.297689364033062],[-75.65449281725995,6.297225376744472],[-75.65337544645377,6.296972431984273],[-75.65263749671064,6.296413560099244]]]}},{"type":"Feature","properties":{"codigo":"6017","nombre":"El Llano","comuna":""},"geometry":{"type":"Polygon","coordinates":[[[-75.63971462242603,6.29777605377033],[-75.64016776195591,6.29692168287208],[-75.64254985690941,6.295961571328442],[-75.64540597607035,6.292955260047305],[-75.64690280666164,6.293239806022793],[-75.64752456066641,6.292237746355872],[-75.64808318049963,6.291984533115965],[-75.64809364146359,6.291457180044601],[-75.64857847621322,6.291203978025862],[-75.65151985446272,6.294441449101061],[-75.65169942498716,6.296803949829963],[-75.65236359735043,6.297426117663092],[-75.65249024783868,6.298417515708897],[-75.65181569044907,6.298776221601964],[-75.65098318792163,6.300210747400335],[-75.65051968167958,6.302077640567489],[-75.64901241294899,6.302636868626208],[-75.64838012848541,6.303765495068147],[-75.64687300522577,6.305337228416087],[-75.64625097517893,6.304599031154132],[-75.64557636072696,6.304662413709308],[-75.64441677394686,6.30413523432951],[-75.64463798986883,6.303143783092431],[-75.64359417049529,6.301319302743587],[-75.64184420958337,6.300138287632503],[-75.64159114165936,6.299526597212674],[-75.64081104248284,6.298999355423392],[-75.6406844709103,6.298419287688942],[-75.63971462242603,6.29777605377033]]]}},{"type":"Feature","properties":{"codigo":"1511","nombre":"La Colina","comuna":"Comuna 15 Guayabal"},"geometry":{"type":"Polygon","coordinates":[[[-75.58711987507948,6.204301490429996],[-75.59164797748589,6.193249231961807],[-75.59220779761499,6.196529001358814],[-75.5928532453832,6.196757893854469],[-75.59297503113322,6.196455940298669],[-75.59328709667116,6.196548341953132],[-75.59362057940997,6.196935332224849],[-75.59346961402582,6.197153464929122],[-75.59450479074012,6.197583373165574],[-75.59515948378208,6.19716176164638],[-75.5967780767921,6.1989446728987],[-75.5981861671143,6.199302817718186],[-75.59837473619946,6.200437358881309],[-75.59962086846983,6.202022734394232],[-75.59884573054201,6.202699674360863],[-75.59922400844086,6.202775365013677],[-75.59890842429587,6.203135866879614],[-75.59793451838148,6.203267006622694],[-75.5948659165677,6.201938241161743],[-75.59327999334502,6.201931538189376],[-75.59210792985465,6.202339537494773],[-75.59049769939584,6.201651412893712],[-75.59045878074797,6.202544146345004],[-75.5891495431914,6.203575928003313],[-75.58865728717419,6.20526196790627],[-75.58711987507948,6.204301490429996]]]}},{"type":"Feature","properties":{"codigo":"1309","nombre":"San Javier No.1","comuna":"Comuna 13 San Javier"},"geometry":{"type":"Polygon","coordinates":[[[-75.61327211469911,6.256325815835543],[-75.61378477059905,6.255851155302852],[-75.61330479756332,6.255557386183237],[-75.61548588621127,6.254113004896895],[-75.61727022196754,6.25482702654824],[-75.61811433902515,6.254574948499455],[-75.62136781111398,6.254597229993968],[-75.62174169512822,6.255483142382743],[-75.62158594143364,6.256349898172274],[-75.61973389085364,6.256185097115859],[-75.61850983887803,6.257189819696712],[-75.61734048392522,6.257465660395766],[-75.61648220593875,6.257287193359401],[-75.61547038301113,6.257532503719593],[-75.61327211469911,6.256325815835543]]]}},{"type":"Feature","properties":{"codigo":"1208","nombre":"Campo Alegre","comuna":"Comuna 12 La America"},"geometry":{"type":"Polygon","coordinates":[[[-75.61263459930933,6.255951827299732],[-75.60839186745515,6.255997370958665],[-75.60924145240084,6.253380135167112],[-75.61037361065502,6.254034338210469],[-75.61114195587524,6.25241041033437],[-75.61047224493429,6.251811543713139],[-75.61228234350507,6.250180747799674],[-75.6148707854826,6.251788570804489],[-75.61605945803292,6.252960314318431],[-75.61684825545359,6.25289582899295],[-75.61791024131487,6.251806373007172],[-75.61841561258734,6.252000691079194],[-75.61764614418192,6.253446083815259],[-75.6156473558496,6.253915234397991],[-75.61330479756332,6.255557386183237],[-75.61378477059905,6.255851155302852],[-75.61327211469911,6.256325815835543],[-75.61263459930933,6.255951827299732]]]}},{"type":"Feature","properties":{"codigo":"1613","nombre":"Altavista","comuna":"Comuna 16 Belen"},"geometry":{"type":"Polygon","coordinates":[[[-75.60517992966543,6.228365881395658],[-75.60578903376654,6.226738580940378],[-75.60547113824065,6.226477564214754],[-75.6027835667755,6.226237048441484],[-75.60321996549541,6.225523964091954],[-75.60461506356984,6.224696680126331],[-75.60523099896697,6.223904479932902],[-75.60592434559257,6.223993704010033],[-75.60593968028107,6.225257087937378],[-75.60652236632545,6.22535422932477],[-75.6087152224891,6.224124583059941],[-75.60851275183728,6.219658679682096],[-75.61186460775012,6.219141705991118],[-75.61061344403295,6.220407638312437],[-75.61084087499259,6.221135370418051],[-75.61166934432002,6.22101447705032],[-75.61249730533594,6.221734444262903],[-75.61185535814359,6.222562857836459],[-75.61218913255438,6.222997242315823],[-75.61143295271302,6.222794718565661],[-75.61105171909074,6.223111305493783],[-75.6116813506304,6.223826331600293],[-75.61117610834398,6.224459087064951],[-75.61154539911148,6.224900216617695],[-75.61101379952387,6.225361695946658],[-75.61039526891733,6.22506751080163],[-75.60995387415616,6.225394131621236],[-75.60959780094292,6.225037695612122],[-75.60985747189184,6.22658190208966],[-75.60943485128016,6.226549299970122],[-75.60962277693689,6.227021935015547],[-75.6068980181551,6.227908091940451],[-75.60693592239137,6.228922865077362],[-75.60517992966543,6.228365881395658]]]}},{"type":"Feature","properties":{"codigo":"5002","nombre":"La Sucia","comuna":""},"geometry":{"type":"Polygon","coordinates":[[[-75.70493771278373,6.363860941186327],[-75.70548577686607,6.363375635908062],[-75.7072674778179,6.36364937987694],[-75.7078894005397,6.363406632194852],[-75.70854219952469,6.36040057122973],[-75.70829939395915,6.35915609569752],[-75.70853087968658,6.357531800138085],[-75.70739186149876,6.355760217630864],[-75.70888792764305,6.352448066411338],[-75.70637860141893,6.351162012556451],[-75.70531382043552,6.35098299756807],[-75.7066202908463,6.348261532203566],[-75.70688333537966,6.346384100883996],[-75.70717834602715,6.345782844828896],[-75.70950769193637,6.34433727997844],[-75.70999229719195,6.343176981435755],[-75.71185797448105,6.342406539532921],[-75.7126587591459,6.341014116599696],[-75.71251070955887,6.339337190243752],[-75.71334267623666,6.336383806199803],[-75.71316320309674,6.335434628914022],[-75.71374262486817,6.334126642585033],[-75.7160482080367,6.333965480825394],[-75.71592575069926,6.334447850811189],[-75.71634082745278,6.335450126867105],[-75.71754259485822,6.335701724844666],[-75.71780835436024,6.336649680753899],[-75.71758185944955,6.337319629672543],[-75.71831642280164,6.338000943706172],[-75.71804485307311,6.338461207347315],[-75.71930386546568,6.340123905221618],[-75.71926134767901,6.342003403780942],[-75.71843410253835,6.342397936280084],[-75.71895872692801,6.343356339334523],[-75.71815976390916,6.343980746286916],[-75.7177309529401,6.345583110894382],[-75.71605120084904,6.346433467690054],[-75.71519552541413,6.346152260529841],[-75.71365102148845,6.34725336506855],[-75.71512931290376,6.349029357113472],[-75.71481825725095,6.350770669728679],[-75.71522112632276,6.351894910823977],[-75.71433738617512,6.352221884532435],[-75.71431184326715,6.352514487572614],[-75.71485519397635,6.354020115017731],[-75.71586295802724,6.354906288536881],[-75.7154307032697,6.356113682732325],[-75.71587469674581,6.356873578835401],[-75.7159763337528,6.358331072097021],[-75.7163965045318,6.358879171352034],[-75.71610735983178,6.360174567656758],[-75.71693082687815,6.360831291722876],[-75.71598546809977,6.362296948657549],[-75.71379274723674,6.362455775985751],[-75.71293897204777,6.36295172321187],[-75.71284432270738,6.363774412203162],[-75.71145280477512,6.363954098208918],[-75.71116830003064,6.364439336945393],[-75.70993484427922,6.364365848977196],[-75.70856447452141,6.364788100849383],[-75.70824810212669,6.364397949467999],[-75.70608678202619,6.363755165709451],[-75.70493771278373,6.363860941186327]]]}},{"type":"Feature","properties":{"codigo":"5007","nombre":"La Aldea","comuna":""},"geometry":{"type":"Polygon","coordinates":[[[-75.6985877473396,6.349676909880255],[-75.69786015009339,6.348854428965077],[-75.69673155300302,6.346365624751013],[-75.69550889193714,6.347146403103408],[-75.6950448659674,6.346387134414298],[-75.69440174007286,6.346081429175656],[-75.69460187404218,6.345427468183182],[-75.69431703526655,6.344562685565781],[-75.6932730579255,6.343149644102876],[-75.69350481113301,6.342464035043093],[-75.69278784014831,6.341915764251211],[-75.69214486234398,6.342200686808982],[-75.69104840413942,6.341705240281362],[-75.69141693585566,6.339901619100761],[-75.69219670183836,6.338561967188791],[-75.69378847407187,6.338477208819003],[-75.69423132348426,6.338888433394636],[-75.69591782840008,6.338223561494592],[-75.69670825701003,6.337432343990336],[-75.69880600983598,6.33729470870421],[-75.69980735893105,6.33687257699513],[-75.70081938011654,6.336967241804268],[-75.7014730912413,6.33747332928112],[-75.70263266097692,6.337430842799412],[-75.70282258032806,6.338084705057601],[-75.70343402093893,6.338179468350233],[-75.70379264937824,6.338991492489225],[-75.70755640588237,6.340403789500031],[-75.70921219277126,6.343124459245733],[-75.70999229719195,6.343176981435755],[-75.70950769193637,6.34433727997844],[-75.70717834602715,6.345782844828896],[-75.7066202908463,6.348261532203566],[-75.70531382043552,6.35098299756807],[-75.7026150974389,6.351015345935737],[-75.70143417800668,6.350140252460332],[-75.6985877473396,6.349676909880255]]]}},{"type":"Feature","properties":{"codigo":"0507","nombre":"Héctor Abad Gómez","comuna":"Comuna 05 Castilla"},"geometry":{"type":"Polygon","coordinates":[[[-75.55973057051753,6.303901311334755],[-75.55696667051346,6.303436922515684],[-75.55712201058674,6.30270925462451],[-75.55946617086099,6.297437294278304],[-75.55986991362659,6.295635297352719],[-75.56141559214689,6.2944692800826],[-75.56146265114745,6.294958057533366],[-75.56206008209331,6.295575065448214],[-75.56122715351701,6.296675711244696],[-75.56072963879386,6.298410311772233],[-75.56047605346562,6.301056854934611],[-75.56074934784509,6.302217407289075],[-75.56021684239602,6.302142817189002],[-75.55984639813626,6.302441140789174],[-75.55973057051753,6.303901311334755]]]}},{"type":"Feature","properties":{"codigo":"0511","nombre":"Castilla","comuna":"Comuna 05 Castilla"},"geometry":{"type":"Polygon","coordinates":[[[-75.56853116573365,6.291565248830508],[-75.570210508521,6.286329304616686],[-75.57603507674311,6.288298788518057],[-75.57352368251603,6.295838334975628],[-75.57077494091644,6.294933102875659],[-75.57051794854166,6.29430547519759],[-75.56945066345011,6.293536496595671],[-75.56853116573365,6.291565248830508]]]}},{"type":"Feature","properties":{"codigo":"1117","nombre":"Florida Nueva","comuna":"Comuna 11 Laureles Estadio"},"geometry":{"type":"Polygon","coordinates":[[[-75.58780314022795,6.253132760048626],[-75.58877078296781,6.249235218172078],[-75.59462836084607,6.249912980682222],[-75.59298537344101,6.252222860398075],[-75.59218592493445,6.254027569587264],[-75.5898731165114,6.253188051308933],[-75.58780314022795,6.253132760048626]]]}},{"type":"Feature","properties":{"codigo":"1113","nombre":"Estadio","comuna":"Comuna 11 Laureles Estadio"},"geometry":{"type":"Polygon","coordinates":[[[-75.59666574416023,6.263528712945032],[-75.59010887091127,6.260392040181398],[-75.59238080982729,6.255850313652337],[-75.59276480873284,6.25671477618206],[-75.59365868416862,6.25759390420132],[-75.59776710550993,6.258624284373165],[-75.59666574416023,6.263528712945032]]]}},{"type":"Feature","properties":{"codigo":"1319","nombre":"El Socorro","comuna":"Comuna 13 San Javier"},"geometry":{"type":"Polygon","coordinates":[[[-75.61956611120361,6.26428546397057],[-75.61854836299543,6.262980829474305],[-75.61812200825867,6.263248924630011],[-75.61774946690231,6.262602360752003],[-75.61740736146618,6.262699657895836],[-75.61726032907185,6.261756749730212],[-75.61694939058938,6.261744086030436],[-75.61667110524625,6.26221234573643],[-75.61654857396849,6.26156098106274],[-75.61521934576149,6.259983739644198],[-75.61531472819205,6.259619698736292],[-75.61599850737558,6.259516803596381],[-75.61641912198472,6.258995817982266],[-75.61712210184488,6.258926820364787],[-75.6172038387092,6.257453242469209],[-75.61808241280575,6.257306254706237],[-75.61821925253258,6.259361781870423],[-75.61890094136206,6.26101157279546],[-75.62112697044115,6.262812634594076],[-75.62171882196067,6.264028486830235],[-75.62116583457089,6.263429089187404],[-75.62062649314278,6.263662265191659],[-75.61997941516314,6.263341570430617],[-75.61956611120361,6.26428546397057]]]}},{"type":"Feature","properties":{"codigo":"0310","nombre":"Versalles No.2","comuna":"Comuna 03 Manrique"},"geometry":{"type":"Polygon","coordinates":[[[-75.54152183780943,6.267620534523719],[-75.53737522682667,6.267576425644684],[-75.53703126559499,6.267263383888216],[-75.53627079535191,6.267264649298034],[-75.53572487838268,6.266665622921402],[-75.53483902406136,6.2665288276616],[-75.53636885233597,6.266146622259992],[-75.53708560996053,6.266461864910664],[-75.53739755107095,6.266048162249399],[-75.53894719059305,6.265561955084823],[-75.53876125162125,6.263197460950598],[-75.53926048125115,6.262073579390583],[-75.53920906170036,6.261115444915665],[-75.54157845388306,6.261687083340798],[-75.5417785201522,6.26200931816235],[-75.5414778143854,6.262819401751145],[-75.541846718116,6.264038328755847],[-75.54126238372511,6.267280424886159],[-75.54152183780943,6.267620534523719]]]}},{"type":"Feature","properties":{"codigo":"1015","nombre":"Bomboná No.1","comuna":"Comuna 10 La Candelaria"},"geometry":{"type":"Polygon","coordinates":[[[-75.55826919813792,6.243661038287714],[-75.5603837669876,6.241934374025644],[-75.56185405619269,6.242403360394199],[-75.5632108693869,6.241569405601261],[-75.565146974396,6.242680250059678],[-75.56333956083274,6.246239860939562],[-75.55826919813792,6.243661038287714]]]}},{"type":"Feature","properties":{"codigo":"Inst_17","nombre":"Centro Administrativo","comuna":"Comuna 10 La Candelaria"},"geometry":{"type":"Polygon","coordinates":[[[-75.57148608986101,6.245000220201685],[-75.57250240567691,6.242232746405111],[-75.57536790343391,6.242477933765705],[-75.57524260610813,6.246265828641617],[-75.57148608986101,6.245000220201685]]]}},{"type":"Feature","properties":{"codigo":"0303","nombre":"Campo Valdés No.2","comuna":"Comuna 03 Manrique"},"geometry":{"type":"Polygon","coordinates":[[[-75.55337205038965,6.277052383863412],[-75.54924644056364,6.27632465930106],[-75.55031625813855,6.270336922974888],[-75.54956833720728,6.270212366455707],[-75.54907079059066,6.269834825230601],[-75.54922343397479,6.269616654316604],[-75.55062378796538,6.269612183085762],[-75.55106253938585,6.269269796029817],[-75.5547215220023,6.269445060562833],[-75.55337205038965,6.277052383863412]]]}},{"type":"Feature","properties":{"codigo":"1604","nombre":"Granada","comuna":"Comuna 16 Belen"},"geometry":{"type":"Polygon","coordinates":[[[-75.58985021015386,6.231556834548797],[-75.59038036685693,6.231102536638914],[-75.59082577869957,6.22943005882999],[-75.59341392063962,6.228238879410724],[-75.59470860112467,6.228620769207559],[-75.59559169733082,6.229368810486245],[-75.59615461464159,6.229289678618849],[-75.59622643199879,6.231385899422881],[-75.58985021015386,6.231556834548797]]]}},{"type":"Feature","properties":{"codigo":"1615","nombre":"Los Alpes","comuna":"Comuna 16 Belen"},"geometry":{"type":"Polygon","coordinates":[[[-75.60741846039275,6.233739059180321],[-75.60632646662839,6.23349279120302],[-75.60530764065598,6.22990272663686],[-75.60517992966543,6.228365881395658],[-75.60693592239137,6.228922865077362],[-75.6068980181551,6.227908091940451],[-75.60981403327249,6.227042417163456],[-75.60989411932063,6.231188371135354],[-75.60956231053119,6.233568260897266],[-75.60822187623238,6.233222571638632],[-75.60741846039275,6.233739059180321]]]}},{"type":"Feature","properties":{"codigo":"0705","nombre":"Facultad de Minas U. Nacional","comuna":"Comuna 07 Robledo"},"geometry":{"type":"Polygon","coordinates":[[[-75.58937653387234,6.274719827877479],[-75.58902053603279,6.272953419888209],[-75.5903826795769,6.272519599085768],[-75.59045907513465,6.273250614954232],[-75.59007322135417,6.273689897386363],[-75.59058376774202,6.274268892942442],[-75.59044882673808,6.274598869425788],[-75.58937653387234,6.274719827877479]]]}},{"type":"Feature","properties":{"codigo":"5006","nombre":"La Frisola","comuna":""},"geometry":{"type":"Polygon","coordinates":[[[-75.69980735893105,6.33687257699513],[-75.69833135397145,6.336166301302287],[-75.69731873618356,6.333666920241683],[-75.69754003849508,6.333382097563979],[-75.69724465806694,6.332506772251265],[-75.69605325527091,6.331663308090308],[-75.6941024338736,6.329027039797199],[-75.69179356979465,6.327846332240401],[-75.69000102862722,6.325737359714831],[-75.68821936979691,6.325041672316559],[-75.68810293772746,6.32297449031305],[-75.68698531387506,6.32192004822046],[-75.68835555829158,6.321360742990301],[-75.68709041050522,6.320538368672132],[-75.68737446456777,6.318080856059228],[-75.68774330165438,6.317616703722845],[-75.68727929586437,6.31678359867866],[-75.68760578467793,6.315517884404033],[-75.68662531579737,6.314916930166351],[-75.68650917867276,6.314104838677683],[-75.68573955145021,6.313567115529542],[-75.68558119451832,6.312501905843086],[-75.68371523355604,6.311700751859403],[-75.68242921761298,6.311711582090859],[-75.68218669661839,6.31136358440567],[-75.6826080311154,6.30995019579368],[-75.68337748509303,6.309739086243416],[-75.68345112269968,6.309064061520705],[-75.6839464199251,6.308462773877485],[-75.68266008863814,6.306997026000958],[-75.68108951102933,6.307166120115825],[-75.67921270193831,6.304793449153332],[-75.67805305461263,6.30413978072328],[-75.6772835524978,6.304087207911881],[-75.67656647766597,6.302695153647573],[-75.67678738593904,6.300522426469011],[-75.67647095997086,6.299562715484293],[-75.67787235500091,6.296978407272745],[-75.67854698389412,6.297052094146793],[-75.67894742595914,6.296535206188363],[-75.67842010296316,6.295195849018785],[-75.679568317266,6.291757283491253],[-75.68011635416627,6.291377475038025],[-75.68134960045263,6.291292832571357],[-75.6821189552747,6.290754768491767],[-75.68242445129326,6.289910942424487],[-75.68158082919395,6.288213059006958],[-75.68244488932638,6.286957777516235],[-75.68265543374717,6.28573427832174],[-75.68424681443595,6.284605399480311],[-75.68499495888275,6.283539985135058],[-75.68527916540624,6.281799666244624],[-75.68514960171021,6.280108176690208],[-75.68636437009995,6.279960040568978],[-75.6867699606533,6.279619026480995],[-75.68790415134553,6.283528780662565],[-75.69050902648043,6.289339574433729],[-75.68975152457318,6.295478103384556],[-75.69005782921127,6.298146421948582],[-75.6923986031195,6.301109575298459],[-75.69293645336785,6.302216880979392],[-75.6927156548286,6.304568913481368],[-75.69309535728925,6.305518051682274],[-75.69547813538249,6.30761632581081],[-75.69631152518966,6.310252869352545],[-75.69721978949225,6.317245296471381],[-75.69794773735022,6.31966037490913],[-75.69863319977924,6.320778183882593],[-75.69951869058312,6.320862336093059],[-75.70045702340978,6.321473823829916],[-75.70160634561338,6.322718073491925],[-75.70379932818732,6.324183536685859],[-75.70446374985848,6.325385718207486],[-75.70646698811598,6.326787937537472],[-75.71014618971478,6.327683437357617],[-75.71134817821604,6.328642882679163],[-75.71185448879565,6.329802909654924],[-75.71378412069497,6.331732469026064],[-75.71374262486817,6.334126642585033],[-75.71316320309674,6.335434628914022],[-75.71334267623666,6.336383806199803],[-75.71251070955887,6.339337190243752],[-75.7126587591459,6.341014116599696],[-75.71185797448105,6.342406539532921],[-75.70999229719195,6.343176981435755],[-75.70921219277126,6.343124459245733],[-75.70755640588237,6.340403789500031],[-75.70379264937824,6.338991492489225],[-75.70343402093893,6.338179468350233],[-75.70282258032806,6.338084705057601],[-75.70263266097692,6.337430842799412],[-75.7014730912413,6.33747332928112],[-75.70081938011654,6.336967241804268],[-75.69980735893105,6.33687257699513]]]}},{"type":"Feature","properties":{"codigo":"5005","nombre":"Volcana Guayabal","comuna":""},"geometry":{"type":"Polygon","coordinates":[[[-75.66046069404183,6.324959467166456],[-75.66374035338293,6.323065835510877],[-75.66582223463476,6.323292451814529],[-75.66749417831068,6.322582393153986],[-75.66984267109474,6.320725685541436],[-75.6698113770255,6.317611660056675],[-75.6690123645751,6.31592673758154],[-75.66822033044124,6.312019328127824],[-75.67124654016044,6.308294039615771],[-75.67169191073957,6.307034840849862],[-75.67190583146392,6.30491593129852],[-75.67109579440032,6.299455859831847],[-75.67137780825789,6.294607983085163],[-75.67214202056206,6.291537902178725],[-75.67337205165913,6.288835130948336],[-75.67698491259164,6.285373825154484],[-75.67853299596783,6.283159062938],[-75.67923354984401,6.282615469011519],[-75.68132262698735,6.281980513457762],[-75.68313524179867,6.280759182688679],[-75.68514960171021,6.280108176690208],[-75.68527916540624,6.281799666244624],[-75.68499495888275,6.283539985135058],[-75.68424681443595,6.284605399480311],[-75.68265543374717,6.28573427832174],[-75.68244488932638,6.286957777516235],[-75.68158082919395,6.288213059006958],[-75.68242445129326,6.289910942424487],[-75.6821189552747,6.290754768491767],[-75.68134960045263,6.291292832571357],[-75.68011635416627,6.291377475038025],[-75.679568317266,6.291757283491253],[-75.67842010296316,6.295195849018785],[-75.67894742595914,6.296535206188363],[-75.67854698389412,6.297052094146793],[-75.67787235500091,6.296978407272745],[-75.67647095997086,6.299562715484293],[-75.67678738593904,6.300522426469011],[-75.67656647766597,6.302695153647573],[-75.6772835524978,6.304087207911881],[-75.67805305461263,6.30413978072328],[-75.67921270193831,6.304793449153332],[-75.68108951102933,6.307166120115825],[-75.68266008863814,6.306997026000958],[-75.6839464199251,6.308462773877485],[-75.68345112269968,6.309064061520705],[-75.68337748509303,6.309739086243416],[-75.6826080311154,6.30995019579368],[-75.68218669661839,6.31136358440567],[-75.68242921761298,6.311711582090859],[-75.68371523355604,6.311700751859403],[-75.68558119451832,6.312501905843086],[-75.68573955145021,6.313567115529542],[-75.68650917867276,6.314104838677683],[-75.68662531579737,6.314916930166351],[-75.68760578467793,6.315517884404033],[-75.68727929586437,6.31678359867866],[-75.68774330165438,6.317616703722845],[-75.68737446456777,6.318080856059228],[-75.68709041050522,6.320538368672132],[-75.68835555829158,6.321360742990301],[-75.68698531387506,6.32192004822046],[-75.68810293772746,6.32297449031305],[-75.68821936979691,6.325041672316559],[-75.69000102862722,6.325737359714831],[-75.69179356979465,6.327846332240401],[-75.6941024338736,6.329027039797199],[-75.69605325527091,6.331663308090308],[-75.69724465806694,6.332506772251265],[-75.69754003849508,6.333382097563979],[-75.69731873618356,6.333666920241683],[-75.69833135397145,6.336166301302287],[-75.69980735893105,6.33687257699513],[-75.69880600983598,6.33729470870421],[-75.69670825701003,6.337432343990336],[-75.69591782840008,6.338223561494592],[-75.69423132348426,6.338888433394636],[-75.69378847407187,6.338477208819003],[-75.6920701997111,6.338551451661041],[-75.68898123238063,6.337444746649182],[-75.6878007568206,6.338267684868953],[-75.68667281383134,6.338331225767397],[-75.68635673592298,6.339090680428269],[-75.68328969798021,6.341759755145057],[-75.67941051100642,6.342572719217396],[-75.67947368294472,6.342203561056309],[-75.68033801057825,6.341760401860499],[-75.67772343209103,6.340685169104038],[-75.6739279127364,6.338228509878915],[-75.6723252486345,6.33658350368003],[-75.67037491144352,6.335898337060292],[-75.67026935174937,6.335170616257729],[-75.66948916603259,6.334622325312073],[-75.67010026423738,6.333019063392636],[-75.6698155526391,6.332565598567617],[-75.66896154031049,6.331806382044728],[-75.66688470386985,6.331005210336937],[-75.66517673441302,6.329708251149112],[-75.66408011343765,6.328052578101648],[-75.66200321036163,6.326755677461749],[-75.66046069404183,6.324959467166456]]]}},{"type":"Feature","properties":{"codigo":"5001","nombre":"La Suiza","comuna":""},"geometry":{"type":"Polygon","coordinates":[[[-75.6867699606533,6.279619026480995],[-75.68869541021621,6.276729200533447],[-75.69023905344389,6.275873405375235],[-75.69147730175081,6.275882561180126],[-75.69367544776003,6.273934199508997],[-75.69641864249306,6.272945830268524],[-75.69681117670203,6.271645363650136],[-75.69891135716904,6.268213877232121],[-75.69935523291501,6.266274630046263],[-75.7004419275453,6.264840287612225],[-75.7023010766636,6.264062104934539],[-75.7026090889764,6.263448025001411],[-75.70258087371003,6.261974414945779],[-75.70291065509907,6.261670214890315],[-75.70412030646084,6.261606458635639],[-75.70564349723126,6.260694644249068],[-75.70722413595344,6.258344758609588],[-75.70779599578115,6.25827021852534],[-75.71015382506314,6.259167770831294],[-75.71018787763025,6.26215467503015],[-75.71065297081653,6.263399360221444],[-75.71045810925301,6.264340533644169],[-75.7106874493708,6.265046598289282],[-75.70977401215656,6.269596558637674],[-75.70925639097449,6.270341561607959],[-75.70952127531825,6.271151110871687],[-75.70922263890273,6.273234632740639],[-75.70833999745034,6.27526704261969],[-75.70847322337178,6.278616159542632],[-75.70793032205358,6.281773856337058],[-75.70653820455249,6.282961685938396],[-75.70689821303786,6.284437804395717],[-75.70674877126577,6.285023472831123],[-75.70827396050969,6.286582938425348],[-75.70794375381627,6.289011906027731],[-75.70846168917781,6.289933024303914],[-75.70808442638459,6.290937292482693],[-75.70895671987589,6.291448113990184],[-75.70900220446526,6.29176414965733],[-75.70848850799688,6.291898771191746],[-75.7091362335732,6.292584482473062],[-75.70776969109336,6.29342314506481],[-75.70803989766226,6.294194135242816],[-75.70741418603608,6.295462970533598],[-75.70802642733507,6.297477874327508],[-75.70887502631385,6.298703724446038],[-75.70860065370381,6.300295220067116],[-75.70895442644043,6.300747889079124],[-75.70818757676383,6.301425011700625],[-75.70769327784735,6.302678125891506],[-75.7081690900331,6.303816646866167],[-75.70813831937186,6.304906008353524],[-75.70924545306723,6.306230515778751],[-75.70927136205205,6.30748540803408],[-75.71071441474332,6.310201624510808],[-75.71036597141949,6.311657953250808],[-75.71063269701463,6.312041304941534],[-75.71055420207016,6.312847192456302],[-75.71024088598642,6.313410514926241],[-75.71043934807064,6.314778243616033],[-75.71218048431096,6.315885504490128],[-75.71242982350842,6.316440255663742],[-75.71204419940776,6.317008008653888],[-75.71331447891572,6.317957028172843],[-75.71397553652326,6.319815703227863],[-75.71476155600222,6.319896031161603],[-75.71497136501023,6.320498260863321],[-75.71593379495917,6.320681576997995],[-75.71609634049385,6.320997198734625],[-75.71720497991,6.321137658131413],[-75.71722756841062,6.32164270464453],[-75.71772116213907,6.321763747584497],[-75.71824286017537,6.32277370018427],[-75.71810893267177,6.325863528576267],[-75.7183428981997,6.326461365808912],[-75.71776739967483,6.327053233634878],[-75.71909581744865,6.329200343834033],[-75.71852480349241,6.330096347113849],[-75.71850532108196,6.331372854529874],[-75.7180223147975,6.331492985239983],[-75.71790113066255,6.331939897880613],[-75.71621196155506,6.333204464034034],[-75.7160482080367,6.333965480825394],[-75.71374262486817,6.334126642585033],[-75.71378412069497,6.331732469026064],[-75.71185448879565,6.329802909654924],[-75.71134817821604,6.328642882679163],[-75.7096506760149,6.32744099307527],[-75.70810106241082,6.327357036467072],[-75.70621394906206,6.326619253328695],[-75.70446374985848,6.325385718207486],[-75.70379932818732,6.324183536685859],[-75.70160634561338,6.322718073491925],[-75.70045702340978,6.321473823829916],[-75.69951869058312,6.320862336093059],[-75.69863319977924,6.320778183882593],[-75.69794773735022,6.31966037490913],[-75.69721978949225,6.317245296471381],[-75.69631152518966,6.310252869352545],[-75.69547813538249,6.30761632581081],[-75.69309535728925,6.305518051682274],[-75.6927156548286,6.304568913481368],[-75.69293645336785,6.302216880979392],[-75.6923986031195,6.301109575298459],[-75.69005782921127,6.298146421948582],[-75.68975152457318,6.295478103384556],[-75.69050902648043,6.289339574433729],[-75.68790415134553,6.283528780662565],[-75.6867699606533,6.279619026480995]]]}},{"type":"Feature","properties":{"codigo":"6007","nombre":"San José de La Montaña","comuna":""},"geometry":{"type":"Polygon","coordinates":[[[-75.6274061138987,6.315030499720971],[-75.62962906904934,6.315222089878396],[-75.63002918824075,6.311446214403796],[-75.62969162696655,6.309368494019114],[-75.63050302512278,6.307132431875437],[-75.6312934657439,6.305993260043036],[-75.63399170878716,6.303925712201601],[-75.63475033721338,6.301394334787799],[-75.6358569725866,6.300139098306847],[-75.6371005122061,6.297955704105],[-75.63718448694826,6.295276752513679],[-75.63750063796452,6.29472826579619],[-75.63921869819623,6.294063574126702],[-75.64010442407175,6.296246683754574],[-75.63961965979881,6.297079963241842],[-75.63971462242603,6.29777605377033],[-75.6406844709103,6.298419287688942],[-75.64081104248284,6.298999355423392],[-75.64159114165936,6.299526597212674],[-75.64184420958337,6.300138287632503],[-75.64359417049529,6.301319302743587],[-75.64463798986883,6.303143783092431],[-75.64441677394686,6.30413523432951],[-75.64557636072696,6.304662413709308],[-75.64625097517893,6.304599031154132],[-75.64687300522577,6.305337228416087],[-75.64694760706095,6.310737283034242],[-75.64628378957788,6.312562014461022],[-75.64601003983982,6.31471364386281],[-75.64655860155167,6.317497970377704],[-75.64529391272325,6.319270054928062],[-75.64260025495628,6.32429375602349],[-75.64158081477937,6.322593642019924],[-75.64045381239296,6.321931137842125],[-75.63926441774782,6.321497431186651],[-75.63762303138851,6.321624985362218],[-75.63628721028726,6.320074038626049],[-75.63607514593446,6.318933860251948],[-75.63495000057787,6.31769913027756],[-75.63395985526525,6.317307314001507],[-75.63271387780883,6.317295510135676],[-75.6274061138987,6.315030499720971]]]}},{"type":"Feature","properties":{"codigo":"6005","nombre":"Naranjal","comuna":""},"geometry":{"type":"Polygon","coordinates":[[[-75.65249024783868,6.298417515708897],[-75.65236359735043,6.297426117663092],[-75.65169942498716,6.296803949829963],[-75.65163585812323,6.294789481848701],[-75.65263749671064,6.296413560099244],[-75.65337544645377,6.296972431984273],[-75.65449281725995,6.297225376744472],[-75.65497777324526,6.297689364033062],[-75.65585264557919,6.297583748224289],[-75.6565063573765,6.298638338936037],[-75.65834058908612,6.299334127446267],[-75.65956353352115,6.30048353841328],[-75.66166127376206,6.301042157921629],[-75.662863117634,6.302022813124216],[-75.66482379244962,6.302349409744118],[-75.6648238776444,6.302813478450829],[-75.66595196550345,6.30391015558083],[-75.66646881499108,6.305724142566171],[-75.66807115045052,6.306251187771064],[-75.66839810267389,6.307189807639647],[-75.6706644513637,6.309027506152027],[-75.66822033044124,6.312019328127824],[-75.66892300943648,6.315589476488213],[-75.66674475021074,6.315617174138914],[-75.66408808249479,6.314088356211551],[-75.66288637421995,6.31401474776432],[-75.65992411456163,6.312950030603691],[-75.65975529670135,6.312043018222176],[-75.65701390267158,6.307951256607919],[-75.65586485267723,6.307508476545951],[-75.65586473951254,6.306833468856922],[-75.65547462863186,6.306285089907317],[-75.65579070430313,6.305356900933745],[-75.65523195542083,6.304903474025194],[-75.65477835988051,6.302899617635116],[-75.6542511901068,6.302161414506092],[-75.65433529398102,6.30080083773584],[-75.65249024783868,6.298417515708897]]]}},{"type":"Feature","properties":{"codigo":"9003","nombre":"Piedras Blancas - Matasano","comuna":""},"geometry":{"type":"Polygon","coordinates":[[[-75.5097349467443,6.299017854256414],[-75.50667828255305,6.298711488370663],[-75.50447347410349,6.296840597351546],[-75.50416904197944,6.29615807170507],[-75.5030741388825,6.2963503693643],[-75.50287206911885,6.296946125978536],[-75.50183034603032,6.297556350444621],[-75.50177510195049,6.29672802640089],[-75.50090775646669,6.296611521339702],[-75.5007895881157,6.295735809333329],[-75.49984558703076,6.294861371939413],[-75.49922316051892,6.295053495068026],[-75.49848530848969,6.29479931973477],[-75.49900888255266,6.294406054744627],[-75.499172143749,6.29372958332613],[-75.49851384460196,6.292937782947275],[-75.49912502792102,6.292417901937223],[-75.49913046245112,6.291771649108441],[-75.49959258949836,6.291700598435715],[-75.50040749393638,6.290792507843315],[-75.50034932238762,6.290134810913914],[-75.4996760895656,6.289223939094415],[-75.49813738985489,6.288327670863749],[-75.49786416625878,6.286323816303198],[-75.49704703302524,6.284036473690971],[-75.49676213270875,6.283886998764133],[-75.4963799421742,6.284416952155889],[-75.49501814777788,6.282663948883096],[-75.49458194457732,6.280777385903369],[-75.49540475308103,6.278779388367151],[-75.49440842488254,6.278460107012291],[-75.49270882873236,6.277206011373292],[-75.49250579176264,6.276276440345693],[-75.49278328004789,6.274723329894102],[-75.49368192472674,6.273081117073269],[-75.49581514890914,6.272864829240373],[-75.49621279060861,6.271335328073573],[-75.496670644477,6.270876061739792],[-75.49590506080992,6.269992802172417],[-75.49592044375056,6.269611112150184],[-75.49523529745593,6.269181865285763],[-75.4945712998312,6.269473981665013],[-75.49378805328709,6.269079552668082],[-75.49299386415491,6.268071915316507],[-75.49239608491023,6.265893912630665],[-75.49104715353532,6.26419750985275],[-75.49098006062889,6.263543235553216],[-75.49141457780478,6.262701403133216],[-75.4909525774914,6.261949842245834],[-75.49115991629503,6.26140199380443],[-75.49017974501284,6.260026340057348],[-75.48821251815589,6.259264181089818],[-75.48738634440315,6.258445798109582],[-75.48734857513261,6.25777524570983],[-75.48655767249211,6.257493826094425],[-75.48608600753138,6.256864248829396],[-75.4856143558536,6.254894672216656],[-75.48624919648164,6.25374422063997],[-75.48817538780621,6.253255845332355],[-75.48927166179759,6.252475531401846],[-75.49005146232847,6.253519802752011],[-75.49324485637767,6.255039041187932],[-75.49271761924666,6.256694848492083],[-75.49385564110118,6.25882550936475],[-75.49383439260914,6.260017320442422],[-75.49420319280566,6.260745117029107],[-75.49571045132478,6.26058712224385],[-75.49752330069242,6.260956516440356],[-75.49806076238715,6.261589409766057],[-75.4979446883816,6.262580814281089],[-75.49853487233548,6.263066055867916],[-75.50124364769651,6.263435555220409],[-75.50237138326256,6.263931408564642],[-75.50337273470083,6.263657309603015],[-75.50439528717709,6.262381244251653],[-75.50449018536158,6.26207539260626],[-75.5033626542007,6.259934209136049],[-75.50427984440154,6.25828898459531],[-75.50470144830513,6.258267941656172],[-75.50628230915659,6.259544321145071],[-75.50864320907571,6.260261792376866],[-75.50967617917468,6.259903309931144],[-75.51164708957464,6.260726194488537],[-75.51300677698951,6.2606103223735],[-75.51420844266877,6.25971394954122],[-75.51476744171984,6.256043641139406],[-75.5152734488586,6.255189382551929],[-75.51681228138726,6.255273912070668],[-75.51771859354484,6.256624018902442],[-75.52022705854003,6.257320359067149],[-75.52124943691877,6.257394280339317],[-75.52341027654548,6.25588624403361],[-75.52326284578085,6.254367458948159],[-75.52615105371902,6.251256323372038],[-75.52990371170102,6.245170972063914],[-75.53036764743051,6.242618623340429],[-75.53167563636073,6.239792423882222],[-75.53368493778422,6.238513797871354],[-75.53415588702435,6.237726190822471],[-75.53474961949141,6.238128523809582],[-75.53595115201779,6.237969262625893],[-75.53685223582336,6.238947930756181],[-75.53679518086201,6.2393988135616],[-75.53747383943345,6.239768375346745],[-75.53756866918667,6.241222805531538],[-75.5400054413558,6.242942921015268],[-75.53996025547966,6.243520247525153],[-75.54050112780686,6.244349725092928],[-75.540200543735,6.244878296148707],[-75.53993534165829,6.244819276436781],[-75.53975343924274,6.244836985313467],[-75.5404395393287,6.246434837286152],[-75.5383682153528,6.248226545284176],[-75.53828240194566,6.249153961065426],[-75.53649783275262,6.249390259083099],[-75.53813290845746,6.250670690622484],[-75.53796771660909,6.251643645427224],[-75.53830211106494,6.251932203716511],[-75.53826946064878,6.252898982473456],[-75.53915356201382,6.253052889072189],[-75.53892772575539,6.253917410558757],[-75.53958471170681,6.25506131862637],[-75.53980329593226,6.254906776750176],[-75.53941874519792,6.255508966930006],[-75.53806630957882,6.255691531707322],[-75.53696615615321,6.256620594756535],[-75.53690784335568,6.257091439469274],[-75.53850955562856,6.256541003516737],[-75.53893575035771,6.257008763545633],[-75.54044573614755,6.256823371524288],[-75.54132911315224,6.257215047063747],[-75.54166873040805,6.257646896739857],[-75.54154817052454,6.258256077457524],[-75.54230956288525,6.258526940754978],[-75.54221280139308,6.259848122353841],[-75.54271113630958,6.260280059515424],[-75.54280950041401,6.261257487144402],[-75.5427492926289,6.261614338319077],[-75.54148121913948,6.261712112085513],[-75.5391587699949,6.261132631105759],[-75.53926525353906,6.262050409794899],[-75.53876125162125,6.263197460950598],[-75.53907352669248,6.26509625948108],[-75.53894719059305,6.265561955084823],[-75.53832869638127,6.265926081577939],[-75.53739755107095,6.266048162249399],[-75.53708560996053,6.266461864910664],[-75.53637027890622,6.26614662233754],[-75.5347971618244,6.266532057230504],[-75.53305351057088,6.266053312895489],[-75.53199825064517,6.266143120028986],[-75.53266789940356,6.266613053632265],[-75.53403171255873,6.268504874042052],[-75.53439781406165,6.270001213529193],[-75.53421873117257,6.270272365653277],[-75.53540217181681,6.271211755543265],[-75.53583912800622,6.271203366878198],[-75.53697807303597,6.272550016648286],[-75.53664210462243,6.274182467790889],[-75.53487602522692,6.275034397602615],[-75.53653936618026,6.275759868501386],[-75.53597687116567,6.276751166663437],[-75.53643843669313,6.277155630827207],[-75.53669754508137,6.278596851761613],[-75.53765456878811,6.27943113864536],[-75.53889819657948,6.278954234945491],[-75.5393090796645,6.28000888172528],[-75.53871309166917,6.281712303095511],[-75.5374104956475,6.282044115455824],[-75.53735367310692,6.283473555677767],[-75.53616758555893,6.284976687143559],[-75.53613562503737,6.288583801757718],[-75.53680679892086,6.288577767569224],[-75.53693370490018,6.288832585267246],[-75.53614023977869,6.289494901744299],[-75.53682409837893,6.290867486453559],[-75.5362426711674,6.291076273328637],[-75.53611716361262,6.29172513751586],[-75.53645044319764,6.292777579510559],[-75.53582770941011,6.293300971732555],[-75.53646109861482,6.294051656940819],[-75.5374368181407,6.294393501875439],[-75.5367844214206,6.295145145408288],[-75.53539469361665,6.294997821353167],[-75.53632747853545,6.296922591014712],[-75.53584281923466,6.297701129661279],[-75.53610224989255,6.29787073222353],[-75.53590741243615,6.298439025581181],[-75.53522770081041,6.299183793849069],[-75.53340802739999,6.300075310744494],[-75.53120330134134,6.299152885291752],[-75.53014474004397,6.29786656458453],[-75.53021837568492,6.297502671070646],[-75.52959791666008,6.296597032124034],[-75.52969878576161,6.294992468348083],[-75.53013022874713,6.294113990422127],[-75.52978744837398,6.293230954888995],[-75.52721323460747,6.290054052184262],[-75.52555226128185,6.289146589225799],[-75.52491785406419,6.288119911578202],[-75.52176015276727,6.28844090532754],[-75.52130799717146,6.288793001974868],[-75.52084171690198,6.289687714601561],[-75.5209574353719,6.293095176371293],[-75.51924519111125,6.29727981683662],[-75.51795880971957,6.298734440961325],[-75.51631375383361,6.299911144735722],[-75.51521201936053,6.300168157964733],[-75.51397185179042,6.30134820412307],[-75.51265974170047,6.300322616291419],[-75.5097349467443,6.299017854256414]]]}},{"type":"Feature","properties":{"codigo":"6012","nombre":"Pajarito","comuna":""},"geometry":{"type":"Polygon","coordinates":[[[-75.59951169196628,6.2965776513618],[-75.59729506282018,6.294031082186094],[-75.59717001078798,6.293276651644925],[-75.59772822480501,6.292319832210638],[-75.59907549805575,6.291859226452681],[-75.5996238881892,6.292119834940553],[-75.59998768055763,6.291390513833572],[-75.60124759840585,6.291502861195851],[-75.6017947905457,6.291114111890232],[-75.60218818007337,6.291351007347691],[-75.60252229881249,6.290820291086079],[-75.60338052204621,6.290515693372389],[-75.60410131965801,6.291072562983912],[-75.60503182586929,6.290677055289962],[-75.60617775883075,6.292546154658193],[-75.60549728735126,6.293856811775355],[-75.60561986066688,6.294867991317337],[-75.60583602097549,6.294441860441891],[-75.6064176903737,6.294548683604799],[-75.60790871720023,6.293753487861871],[-75.60886344503129,6.294156240422879],[-75.60882124331658,6.293699175470951],[-75.6099529698166,6.292550064539751],[-75.61081163643189,6.292713444005345],[-75.61079254984794,6.29222002637749],[-75.6113052047165,6.292262634880014],[-75.6117429728794,6.291595560772953],[-75.61152668253423,6.291012777763428],[-75.61307733769178,6.290192619330511],[-75.61325220683783,6.289343792454412],[-75.61423007998809,6.288316014840608],[-75.61563151439972,6.287786540867076],[-75.61641846431898,6.288550084552782],[-75.6166401890956,6.292557930270007],[-75.61438456966656,6.293728853159745],[-75.61413168598493,6.294815218473029],[-75.61095894222008,6.295290105021381],[-75.60965196967612,6.296408193579242],[-75.60852412656395,6.296756333191297],[-75.60721705582893,6.296682602847184],[-75.60698514553773,6.29652441536084],[-75.60721702271734,6.296229080953441],[-75.60329582297406,6.296102795079216],[-75.60136694886394,6.297663879157486],[-75.60075564379,6.298708072934562],[-75.59951169196628,6.2965776513618]]]}},{"type":"Feature","properties":{"codigo":"6003","nombre":"El Uvito","comuna":""},"geometry":{"type":"Polygon","coordinates":[[[-75.64845194767621,6.290940322568515],[-75.64827260102219,6.289938384044794],[-75.64904175360468,6.287871051291182],[-75.64895725235405,6.286731986441917],[-75.65063326747959,6.287069229760788],[-75.65239372811779,6.288155291597744],[-75.65701061086618,6.288576407351814],[-75.65896054910345,6.288080363911741],[-75.66019362256172,6.287035994476234],[-75.65945575043179,6.286877918705478],[-75.65924478367523,6.285992006828979],[-75.66135284944933,6.285664678758636],[-75.66252276036096,6.285126570976116],[-75.66314477066103,6.285759279873098],[-75.66538992163109,6.285758865899929],[-75.66790952480724,6.287846699065483],[-75.66880549473004,6.287920356913385],[-75.6727377654148,6.290387858028714],[-75.67149200751459,6.293813961684921],[-75.67119515650894,6.297813427395695],[-75.66644570078978,6.294913469469265],[-75.6633465509968,6.294059736835563],[-75.66075346730689,6.29376488667515],[-75.65953056014325,6.292752589101219],[-75.65651580443267,6.292162474950087],[-75.6555987791079,6.292278646577209],[-75.65509275521705,6.291867397209088],[-75.6535327021518,6.291719995645521],[-75.65278419020737,6.290981827135228],[-75.65188821512308,6.290897595285055],[-75.65116095746416,6.291224668396154],[-75.64975892598814,6.290486598440294],[-75.64845194767621,6.290940322568515]]]}},{"type":"Feature","properties":{"codigo":"6016","nombre":"Travesías","comuna":""},"geometry":{"type":"Polygon","coordinates":[[[-75.63921869819623,6.294063574126702],[-75.63750063796452,6.29472826579619],[-75.63718448694826,6.295276752513679],[-75.63755322343017,6.29383176258724],[-75.63824879872202,6.292966814657052],[-75.6382486358384,6.291753909089964],[-75.63874396309063,6.291099927718308],[-75.63874385982737,6.290329995422257],[-75.6396397281444,6.289654865050196],[-75.64063016999899,6.286880864273135],[-75.64001841452472,6.283980519451754],[-75.6392698382737,6.282546227381],[-75.63915377298825,6.281660294187604],[-75.6403812260207,6.278748763145487],[-75.64133521967668,6.278474795499535],[-75.64221014118728,6.278917646861784],[-75.64311684897768,6.280499570009367],[-75.64422359593895,6.28045722335641],[-75.64573112476057,6.28204960055419],[-75.64737549497885,6.282344670377691],[-75.6475760185685,6.284021615572797],[-75.64855640279796,6.284738663543899],[-75.64897815459564,6.285571812299265],[-75.64904175360468,6.287871051291182],[-75.64827260102219,6.289938384044794],[-75.64857847621322,6.291203978025862],[-75.64809364146359,6.291457180044601],[-75.64808318049963,6.291984533115965],[-75.64752456066641,6.292237746355872],[-75.64701874103379,6.293144865750919],[-75.64540597607035,6.292955260047305],[-75.64254985690941,6.295961571328442],[-75.64016776195591,6.29692168287208],[-75.63971462242603,6.29777605377033],[-75.63961965979881,6.297079963241842],[-75.64010442407175,6.296246683754574],[-75.63921869819623,6.294063574126702]]]}},{"type":"Feature","properties":{"codigo":"6013","nombre":"Pedregal Alto","comuna":""},"geometry":{"type":"Polygon","coordinates":[[[-75.62711789803636,6.294276018396852],[-75.6254524214379,6.293991433424756],[-75.62485151667126,6.293253208305413],[-75.62300685509565,6.293010824224673],[-75.62217422641967,6.293896859459609],[-75.62161556424476,6.293896916817056],[-75.61960224721905,6.293622896504596],[-75.61838998855546,6.292905817121225],[-75.6166401890956,6.292557930270007],[-75.61660824998944,6.289130152427252],[-75.61563151439972,6.287786540867076],[-75.615538788303,6.286733987865635],[-75.6161669318363,6.2859948444563],[-75.61839858308416,6.285097709395584],[-75.62124158298836,6.285460403428734],[-75.62213524825445,6.28525195175944],[-75.62262622154468,6.284149213687114],[-75.62368508473718,6.283662128555338],[-75.62509445907165,6.283970502941245],[-75.62423511224755,6.279914258649946],[-75.62670375962094,6.278681215421771],[-75.62876140153429,6.279479358817212],[-75.62911510808058,6.279011233840232],[-75.63069211680401,6.278967989125171],[-75.63059321372167,6.279513541915327],[-75.63127157839924,6.280366336222627],[-75.63129311370761,6.281505193885481],[-75.63167587028755,6.280705157456414],[-75.63290438364066,6.280410320891005],[-75.63313548544183,6.279913112436827],[-75.6337173704377,6.279652877983579],[-75.63382858881528,6.279982718146859],[-75.6342817042105,6.279969577630848],[-75.63427792943591,6.280679219080699],[-75.63467925848114,6.280517877566767],[-75.63569787934523,6.281165292687784],[-75.63648003766848,6.28069641489074],[-75.63671801372503,6.281090464098551],[-75.63791820438482,6.281393035892534],[-75.63738859023857,6.279348606647337],[-75.63791818082002,6.279888389576561],[-75.63837509330708,6.279688077620921],[-75.63941860818797,6.280126245963966],[-75.63957530985077,6.281037962167885],[-75.63911164774274,6.281934521718746],[-75.64001841452472,6.283980519451754],[-75.64063016999899,6.286880864273135],[-75.63981886908772,6.289285694938163],[-75.63874385982737,6.290329995422257],[-75.63844887277241,6.291469112884726],[-75.63786898899545,6.290393395198808],[-75.63586632692393,6.290963196338933],[-75.63492832184721,6.291902001721139],[-75.63407444744722,6.291311477093553],[-75.6331680108027,6.291849488181812],[-75.63137602859942,6.291385639137699],[-75.63060664253958,6.292113475256682],[-75.63005849649221,6.291881506099346],[-75.62939446857335,6.292219089596236],[-75.62684361016716,6.292251022745836],[-75.62647471975541,6.292578020869109],[-75.62723379281633,6.293801389583118],[-75.62711789803636,6.294276018396852]]]}},{"type":"Feature","properties":{"codigo":"6002","nombre":"El Patio","comuna":""},"geometry":{"type":"Polygon","coordinates":[[[-75.66252276036096,6.285126570976116],[-75.66145813594227,6.284989651162135],[-75.65926549838433,6.283882601165465],[-75.65764221703532,6.283693034710782],[-75.65642985205672,6.282511975334991],[-75.65362602196205,6.282238217910618],[-75.65202343539664,6.279591177354703],[-75.65111690258914,6.279274911432729],[-75.6504843709182,6.278621095380321],[-75.64970435400396,6.278473559989913],[-75.64930372254805,6.277872441454487],[-75.64819687459901,6.27721869698585],[-75.64781723788597,6.276026941683634],[-75.64703721472225,6.275816119929227],[-75.64646812039426,6.276406837506467],[-75.6449924696212,6.276470337650776],[-75.6441386538453,6.276185693031811],[-75.64717405633598,6.274592644813753],[-75.64896594794165,6.274750577400406],[-75.6500199232508,6.274339079823003],[-75.6516643219367,6.274961093802879],[-75.65292918709861,6.275066361410535],[-75.65364588580158,6.27477092845468],[-75.65511103852852,6.275002722340375],[-75.65673414795222,6.27433798829933],[-75.65721902585145,6.274453923794632],[-75.65891632326667,6.276162249410778],[-75.6601494842793,6.275771794351245],[-75.66409165176862,6.276066404328727],[-75.66424998468715,6.277300374815714],[-75.66727519029035,6.277827161571331],[-75.66881404416424,6.277552646076565],[-75.6702581158288,6.277710571760625],[-75.67118593601484,6.279039313673386],[-75.673736701245,6.278891147220683],[-75.67475921059015,6.27930227419603],[-75.67598212148404,6.280346177381419],[-75.67654073695692,6.280198402644928],[-75.6781641109368,6.280851979459731],[-75.67972406747685,6.280672350220943],[-75.68176872642518,6.27975432094881],[-75.68344153867336,6.279796935726746],[-75.68354959175305,6.28058197386922],[-75.68132262698735,6.281980513457762],[-75.67923354984401,6.282615469011519],[-75.67823555465637,6.283447244773596],[-75.67698491259164,6.285373825154484],[-75.67337205165913,6.288835130948336],[-75.6727377654148,6.290387858028714],[-75.66880549473004,6.287920356913385],[-75.66790952480724,6.287846699065483],[-75.66538992163109,6.285758865899929],[-75.66314477066103,6.285759279873098],[-75.66252276036096,6.285126570976116]]]}}]}